
USE LAB_ReportGradeSystem;
--  GRADE DATA 
--  COURSE TABLE 
INSERT INTO Course (termNo, courseId, courseName) VALUES ( 0 ,'VOV124', 'Vovinam 2');
INSERT INTO Course (termNo, courseId, courseName) VALUES ( 0 ,'VOV134', 'Vovinam 3');
INSERT INTO Course (termNo, courseId, courseName) VALUES ( 0 ,'VOV114', 'Vovinam 1');
INSERT INTO Course (termNo, courseId, courseName) VALUES ( 0 ,'TRS601', 'Transition');
INSERT INTO Course (termNo, courseId, courseName) VALUES ( 0 ,'TMI101', 'Traditional musical instrument');
INSERT INTO Course (termNo, courseId, courseName) VALUES ( 1 ,'SSL101c','Academic Skills for University Success');
INSERT INTO Course (termNo, courseId, courseName) VALUES ( 1 ,'PRF192', 'Programming Fundamentals');
INSERT INTO Course (termNo, courseId, courseName) VALUES ( 1 ,'MAE101', 'Mathematics for Engineering');
INSERT INTO Course (termNo, courseId, courseName) VALUES ( 1 ,'CEA201', 'Computer Organization and Architecture');
INSERT INTO Course (termNo, courseId, courseName) VALUES ( 1 ,'CSI104', 'Introduction to Computer Science');
INSERT INTO Course (termNo, courseId, courseName) VALUES ( 2 ,'PRO192', 'Object-Oriented Programming');
INSERT INTO Course (termNo, courseId, courseName) VALUES ( 2 ,'MAD101', 'Discrete mathematics');
INSERT INTO Course (termNo, courseId, courseName) VALUES ( 2 ,'OSG202', 'Operating Systems');
INSERT INTO Course (termNo, courseId, courseName) VALUES ( 2 ,'NWC203c','Computer Networking');
INSERT INTO Course (termNo, courseId, courseName) VALUES ( 2 ,'SSG104', 'Communication and In-Group Working Skills');
INSERT INTO Course (termNo, courseId, courseName) VALUES ( 3 ,'JPD113', 'Elementary Japanese 1-A1.1');
INSERT INTO Course (termNo, courseId, courseName) VALUES ( 3 ,'CSD201', 'Data Structures and Algorithms');
INSERT INTO Course (termNo, courseId, courseName) VALUES ( 3 ,'DBI202', 'Introduction to Databases');
INSERT INTO Course (termNo, courseId, courseName) VALUES ( 3 ,'LAB211', 'OOP with Java Lab');
INSERT INTO Course (termNo, courseId, courseName) VALUES ( 3 ,'WED201c','Web Design');
INSERT INTO Course (termNo, courseId, courseName) VALUES ( 4 ,'MAS291', 'Statistics and Probability');
INSERT INTO Course (termNo, courseId, courseName) VALUES ( 4 ,'JPD123', 'Elementary Japanese 1-A1.2');
INSERT INTO Course (termNo, courseId, courseName) VALUES ( 4 ,'IOT102', 'Internet of Things');
INSERT INTO Course (termNo, courseId, courseName) VALUES ( 4 ,'PRJ301', 'Java Web Application Development');
INSERT INTO Course (termNo, courseId, courseName) VALUES ( 4 ,'SWE201c','Introduction to Software Engineering');
INSERT INTO Course (termNo, courseId, courseName) VALUES ( 5 ,'SWP391', 'Application development project');
INSERT INTO Course (termNo, courseId, courseName) VALUES ( 5 ,'ITE302c','Ethics in IT');
INSERT INTO Course (termNo, courseId, courseName) VALUES ( 5 ,'SWR302', 'Software Requirement');
INSERT INTO Course (termNo, courseId, courseName) VALUES ( 5 ,'SWT301', 'Software Testing');
INSERT INTO Course (termNo, courseId, courseName) VALUES ( 5 ,'PRN211', 'Basic Cross-Platform Application Programming With .NET');
INSERT INTO Course (termNo, courseId, courseName) VALUES ( 6 ,'OJT202', 'On the job training');
INSERT INTO Course (termNo, courseId, courseName) VALUES ( 6 ,'ENW492c','Writing Research Papers');
INSERT INTO Course (termNo, courseId, courseName) VALUES ( 7 ,'PRN221', 'Advanced Cross-Platform Application Programming With .NET');
INSERT INTO Course (termNo, courseId, courseName) VALUES ( 7 ,'PRM392', 'Mobile Programming');
INSERT INTO Course (termNo, courseId, courseName) VALUES ( 7 ,'PRU211m','C# Programming and Unity');
INSERT INTO Course (termNo, courseId, courseName) VALUES ( 7 ,'SWD392', 'SW Architecture and Design');
INSERT INTO Course (termNo, courseId, courseName) VALUES ( 7 ,'EXE_ELE','Entrepreneurship Group 1');
INSERT INTO Course (termNo, courseId, courseName) VALUES ( 8 ,'MLN122', 'Political economics of Marxism – Leninism');
INSERT INTO Course (termNo, courseId, courseName) VALUES ( 8 ,'PMG202c','Project management');
INSERT INTO Course (termNo, courseId, courseName) VALUES ( 8 ,'WDU203c','UI/UX Design');
INSERT INTO Course (termNo, courseId, courseName) VALUES ( 8 ,'PRU221m','Object-Oriented Programming for Unity Games');
INSERT INTO Course (termNo, courseId, courseName) VALUES ( 8 ,'PRN231', 'Building Cross-Platform Back-End Application With .NET');
INSERT INTO Course (termNo, courseId, courseName) VALUES ( 8 ,'MLN111', 'Philosophy of Marxism – Leninism');
INSERT INTO Course (termNo, courseId, courseName) VALUES ( 9 ,'MLN131', 'Scientific socialism');
INSERT INTO Course (termNo, courseId, courseName) VALUES ( 9 ,'VNR202', 'History of Việt Nam Communist Party');
INSERT INTO Course (termNo, courseId, courseName) VALUES ( 9 ,'SEP490', 'SE Capstone Project');
INSERT INTO Course (termNo, courseId, courseName) VALUES ( 9 ,'HCM202', 'Hồ Chí Minh Ideology');


-- CURRICULUM_COURSE
INSERT INTO `Curriculum_Course` (`courseId`, `curriculumId`) VALUES ('CEA201', 'SE');
INSERT INTO `Curriculum_Course` (`courseId`, `curriculumId`) VALUES ('CSD201', 'SE');
INSERT INTO `Curriculum_Course` (`courseId`, `curriculumId`) VALUES ('CSI104', 'SE');
INSERT INTO `Curriculum_Course` (`courseId`, `curriculumId`) VALUES ('DBI202', 'SE');
INSERT INTO `Curriculum_Course` (`courseId`, `curriculumId`) VALUES ('ENW492c', 'SE');
INSERT INTO `Curriculum_Course` (`courseId`, `curriculumId`) VALUES ('EXE_ELE', 'SE');
INSERT INTO `Curriculum_Course` (`courseId`, `curriculumId`) VALUES ('HCM202', 'SE');
INSERT INTO `Curriculum_Course` (`courseId`, `curriculumId`) VALUES ('IOT102', 'SE');
INSERT INTO `Curriculum_Course` (`courseId`, `curriculumId`) VALUES ('ITE302c', 'SE');
INSERT INTO `Curriculum_Course` (`courseId`, `curriculumId`) VALUES ('JPD113', 'SE');
INSERT INTO `Curriculum_Course` (`courseId`, `curriculumId`) VALUES ('JPD123', 'SE');
INSERT INTO `Curriculum_Course` (`courseId`, `curriculumId`) VALUES ('LAB211', 'SE');
INSERT INTO `Curriculum_Course` (`courseId`, `curriculumId`) VALUES ('MAD101', 'SE');
INSERT INTO `Curriculum_Course` (`courseId`, `curriculumId`) VALUES ('MAE101', 'SE');
INSERT INTO `Curriculum_Course` (`courseId`, `curriculumId`) VALUES ('MAS291', 'SE');
INSERT INTO `Curriculum_Course` (`courseId`, `curriculumId`) VALUES ('MLN111', 'SE');
INSERT INTO `Curriculum_Course` (`courseId`, `curriculumId`) VALUES ('MLN122', 'SE');
INSERT INTO `Curriculum_Course` (`courseId`, `curriculumId`) VALUES ('MLN131', 'SE');
INSERT INTO `Curriculum_Course` (`courseId`, `curriculumId`) VALUES ('NWC203c', 'SE');
INSERT INTO `Curriculum_Course` (`courseId`, `curriculumId`) VALUES ('OJT202', 'SE');
INSERT INTO `Curriculum_Course` (`courseId`, `curriculumId`) VALUES ('OSG202', 'SE');
INSERT INTO `Curriculum_Course` (`courseId`, `curriculumId`) VALUES ('PMG202c', 'SE');
INSERT INTO `Curriculum_Course` (`courseId`, `curriculumId`) VALUES ('PRF192', 'SE');
INSERT INTO `Curriculum_Course` (`courseId`, `curriculumId`) VALUES ('PRJ301', 'SE');
INSERT INTO `Curriculum_Course` (`courseId`, `curriculumId`) VALUES ('PRM392', 'SE');
INSERT INTO `Curriculum_Course` (`courseId`, `curriculumId`) VALUES ('PRN211', 'SE');
INSERT INTO `Curriculum_Course` (`courseId`, `curriculumId`) VALUES ('PRN221', 'SE');
INSERT INTO `Curriculum_Course` (`courseId`, `curriculumId`) VALUES ('PRN231', 'SE');
INSERT INTO `Curriculum_Course` (`courseId`, `curriculumId`) VALUES ('PRO192', 'SE');
INSERT INTO `Curriculum_Course` (`courseId`, `curriculumId`) VALUES ('PRU211m', 'SE');
INSERT INTO `Curriculum_Course` (`courseId`, `curriculumId`) VALUES ('PRU221m', 'SE');
INSERT INTO `Curriculum_Course` (`courseId`, `curriculumId`) VALUES ('SEP490', 'SE');
INSERT INTO `Curriculum_Course` (`courseId`, `curriculumId`) VALUES ('SSG104', 'SE');
INSERT INTO `Curriculum_Course` (`courseId`, `curriculumId`) VALUES ('SSL101c', 'SE');
INSERT INTO `Curriculum_Course` (`courseId`, `curriculumId`) VALUES ('SWD392', 'SE');
INSERT INTO `Curriculum_Course` (`courseId`, `curriculumId`) VALUES ('SWE201c', 'SE');
INSERT INTO `Curriculum_Course` (`courseId`, `curriculumId`) VALUES ('SWP391', 'SE');
INSERT INTO `Curriculum_Course` (`courseId`, `curriculumId`) VALUES ('SWR302', 'SE');
INSERT INTO `Curriculum_Course` (`courseId`, `curriculumId`) VALUES ('SWT301', 'SE');
INSERT INTO `Curriculum_Course` (`courseId`, `curriculumId`) VALUES ('TMI101', 'SE');
INSERT INTO `Curriculum_Course` (`courseId`, `curriculumId`) VALUES ('TRS601', 'SE');
INSERT INTO `Curriculum_Course` (`courseId`, `curriculumId`) VALUES ('VNR202', 'SE');
INSERT INTO `Curriculum_Course` (`courseId`, `curriculumId`) VALUES ('VOV114', 'SE');
INSERT INTO `Curriculum_Course` (`courseId`, `curriculumId`) VALUES ('VOV124', 'SE');
INSERT INTO `Curriculum_Course` (`courseId`, `curriculumId`) VALUES ('VOV134', 'SE');
INSERT INTO `Curriculum_Course` (`courseId`, `curriculumId`) VALUES ('WDU203c', 'SE');
INSERT INTO `Curriculum_Course` (`courseId`, `curriculumId`) VALUES ('WED201c', 'SE');



-- SEMESTER 

insert into Semester values('SP2019','Spring2019',2019,'2019-01-01','2019-04-30');
insert into Semester values('SU2019','Summer2019',2019,'2019-05-01','2019-08-31');
insert into Semester values('FA2019','Fall2019',2019,'2019-09-01','2019-12-31');

insert into Semester values('SP2020','Spring2020',2020,'2020-01-01','2020-04-30');
insert into Semester values('SU2020','Summer2020',2020,'2020-05-01','2020-08-31');
insert into Semester values('FA2020','Fall2020',2020,'2020-09-01','2020-12-31');

insert into Semester values('SP2021','Spring2021',2021,'2021-01-01','2021-04-30');
insert into Semester values('SU2021','Summer2021',2021,'2021-05-01','2021-08-31');
insert into Semester values('FA2021','Fall2021',2021,'2021-09-01','2021-12-31');

insert into Semester values('SP2022','Spring2022',2022,'2022-01-01','2022-04-30');
insert into Semester values('SU2022','Summer2022',2022,'2022-05-01','2022-08-31');
insert into Semester values('FA2022','Fall2022',2022,'2022-09-01','2022-12-31');

insert into Semester values('SP2023','Spring2023',2023,'2023-01-01','2023-04-30');
insert into Semester values('SU2023','Summer2023',2023,'2023-05-01','2023-08-31');
insert into Semester values('FA2023','Fall2023',2023,'2023-09-01','2023-12-31');

-- GROUP 
INSERT INTO `Group` (groupId, semesterId, groupName, courseId, instructorId) VALUES (1, 'SP2023','AI1708', 'CEA201', 'thangnv75');
INSERT INTO `Group` (groupId, semesterId, groupName, courseId, instructorId) VALUES (2, 'SP2023','SE1744', 'CSD201', 'thangnv75');
INSERT INTO `Group` (groupId, semesterId, groupName, courseId, instructorId) VALUES (9, 'SP2023','SE1630-JS', 'SWP391', 'khuongpd');
INSERT INTO `Group` (groupId, semesterId, groupName, courseId, instructorId) VALUES (4, 'SP2023','SE1735', 'SWE201c', 'sonnt5');
INSERT INTO `Group` (groupId, semesterId, groupName, courseId, instructorId) VALUES (5, 'SP2023','SE1758', 'OSG202', 'thangnv75');
INSERT INTO `Group` (groupId, semesterId, groupName, courseId, instructorId) VALUES (6, 'SP2023','SE1805', 'PRF192', 'khuongpd');
INSERT INTO `Group` (groupId, semesterId, groupName, courseId, instructorId) VALUES (7, 'SP2023','SE1729', 'PRJ301', 'khuongpd');
INSERT INTO `Group` (groupId, semesterId, groupName, courseId, instructorId) VALUES (8, 'SP2023','SE1638-NET', 'PRN221', 'sonnt5');
INSERT INTO `Group` (groupId, semesterId, groupName, courseId, instructorId) VALUES (3, 'SP2023','SE1826', 'SSG104', 'sonnt5');
INSERT INTO `Group` (groupId, semesterId, groupName, courseId, instructorId) VALUES (10, 'SP2023','SE1722', 'IOT102', 'sonnt5');
INSERT INTO `Group` (groupId, semesterId, groupName, courseId, instructorId) VALUES (11, 'SP2023','IS1702', 'SWE201c', 'trungnt');
INSERT INTO `Group` (groupId, semesterId, groupName, courseId, instructorId) VALUES (12, 'SP2023','SE1723', 'IOT102', 'yennth126');
INSERT INTO `Group` (groupId, semesterId, groupName, courseId, instructorId) VALUES (13, 'SP2023','SE1723', 'MAS291', 'khaidq6');
INSERT INTO `Group` (groupId, semesterId, groupName, courseId, instructorId) VALUES (14, 'SP2023','SE1723', 'JPD123', 'anhnh88');
INSERT INTO `Group` (groupId, semesterId, groupName, courseId, instructorId) VALUES (15, 'SP2023','SE1723', 'PRJ301', 'sonnt5');
-- Full participated group for a student
INSERT INTO `Group` (groupId, semesterId, groupName, courseId, instructorId) VALUES (20, 'SP2022','SE1723', 'CEA201', 'sonnt5');
INSERT INTO `Group` (groupId, semesterId, groupName, courseId, instructorId) VALUES (21, 'SP2022','SE1723', 'CSI104', 'sonnt5');
INSERT INTO `Group` (groupId, semesterId, groupName, courseId, instructorId) VALUES (22, 'SP2022','SE1723', 'PRF192', 'sonnt5');
INSERT INTO `Group` (groupId, semesterId, groupName, courseId, instructorId) VALUES (23, 'SP2022','SE1723', 'VOV124', 'sonnt5');
INSERT INTO `Group` (groupId, semesterId, groupName, courseId, instructorId) VALUES (24, 'SP2022','SE1723', 'SSL101c', 'sonnt5');
INSERT INTO `Group` (groupId, semesterId, groupName, courseId, instructorId) VALUES (25, 'SP2022','SE1723', 'MAE101', 'sonnt5');

INSERT INTO `Group` (groupId, semesterId, groupName, courseId, instructorId) VALUES (26, 'SU2022','SE1723', 'MAD101', 'sonnt5');
INSERT INTO `Group` (groupId, semesterId, groupName, courseId, instructorId) VALUES (27, 'SU2022','SE1723', 'NWC203c', 'sonnt5');
INSERT INTO `Group` (groupId, semesterId, groupName, courseId, instructorId) VALUES (28, 'SU2022','SE1723', 'OSG202', 'sonnt5');
INSERT INTO `Group` (groupId, semesterId, groupName, courseId, instructorId) VALUES (29, 'SU2022','SE1723', 'PRO192', 'sonnt5');
INSERT INTO `Group` (groupId, semesterId, groupName, courseId, instructorId) VALUES (30, 'SU2022','SE1723', 'SSG104', 'sonnt5');
INSERT INTO `Group` (groupId, semesterId, groupName, courseId, instructorId) VALUES (31, 'SU2022','SE1723', 'VOV134', 'sonnt5');

INSERT INTO `Group` (groupId, semesterId, groupName, courseId, instructorId) VALUES (32, 'FA2022','SE1723', 'CSD201', 'sonnt5');
INSERT INTO `Group` (groupId, semesterId, groupName, courseId, instructorId) VALUES (33, 'FA2022','SE1723', 'DBI202', 'sonnt5');
INSERT INTO `Group` (groupId, semesterId, groupName, courseId, instructorId) VALUES (34, 'FA2022','SE1723', 'JPD113', 'sonnt5');
INSERT INTO `Group` (groupId, semesterId, groupName, courseId, instructorId) VALUES (35, 'FA2022','SE1723', 'LAB211', 'sonnt5');
INSERT INTO `Group` (groupId, semesterId, groupName, courseId, instructorId) VALUES (36, 'FA2022','SE1723', 'WED201c', 'sonnt5');

-- PARTICIPATE 
INSERT INTO Participate (groupId, studentId) VALUES (1, 'DE170703');
INSERT INTO Participate (groupId, studentId) VALUES (1, 'HE153678');
INSERT INTO Participate (groupId, studentId) VALUES (1, 'HE161700');
INSERT INTO Participate (groupId, studentId) VALUES (1, 'HE161706');
INSERT INTO Participate (groupId, studentId) VALUES (1, 'HE161755');
INSERT INTO Participate (groupId, studentId) VALUES (1, 'HE163415');
INSERT INTO Participate (groupId, studentId) VALUES (1, 'HE163635');
INSERT INTO Participate (groupId, studentId) VALUES (1, 'HE164044');
INSERT INTO Participate (groupId, studentId) VALUES (1, 'HE170072');
INSERT INTO Participate (groupId, studentId) VALUES (1, 'HE170180');
INSERT INTO Participate (groupId, studentId) VALUES (1, 'HE170201');
INSERT INTO Participate (groupId, studentId) VALUES (1, 'HE170203');
INSERT INTO Participate (groupId, studentId) VALUES (1, 'HE170420');
INSERT INTO Participate (groupId, studentId) VALUES (1, 'HE170595');
INSERT INTO Participate (groupId, studentId) VALUES (1, 'HE171098');
INSERT INTO Participate (groupId, studentId) VALUES (1, 'HE171319');
INSERT INTO Participate (groupId, studentId) VALUES (1, 'HE171320');
INSERT INTO Participate (groupId, studentId) VALUES (1, 'HE171416');
INSERT INTO Participate (groupId, studentId) VALUES (1, 'HE171702');
INSERT INTO Participate (groupId, studentId) VALUES (1, 'HE171937');
INSERT INTO Participate (groupId, studentId) VALUES (1, 'HE172032');
INSERT INTO Participate (groupId, studentId) VALUES (1, 'HE173037');
INSERT INTO Participate (groupId, studentId) VALUES (1, 'HE173046');
INSERT INTO Participate (groupId, studentId) VALUES (1, 'HE176640');
INSERT INTO Participate (groupId, studentId) VALUES (1, 'HE181829');
INSERT INTO Participate (groupId, studentId) VALUES (1, 'HE181879');
INSERT INTO Participate (groupId, studentId) VALUES (1, 'HS170024');
INSERT INTO Participate (groupId, studentId) VALUES (1, 'HS170726');
INSERT INTO Participate (groupId, studentId) VALUES (1, 'HS173175');
INSERT INTO Participate (groupId, studentId) VALUES (1, 'HS176033');
INSERT INTO Participate (groupId, studentId) VALUES (2, 'HE161232');
INSERT INTO Participate (groupId, studentId) VALUES (2, 'HE161643');
INSERT INTO Participate (groupId, studentId) VALUES (2, 'HE163665');
INSERT INTO Participate (groupId, studentId) VALUES (2, 'HE170123');
INSERT INTO Participate (groupId, studentId) VALUES (2, 'HE170268');
INSERT INTO Participate (groupId, studentId) VALUES (2, 'HE170302');
INSERT INTO Participate (groupId, studentId) VALUES (2, 'HE170314');
INSERT INTO Participate (groupId, studentId) VALUES (2, 'HE170317');
INSERT INTO Participate (groupId, studentId) VALUES (2, 'HE170617');
INSERT INTO Participate (groupId, studentId) VALUES (2, 'HE171209');
INSERT INTO Participate (groupId, studentId) VALUES (2, 'HE171310');
INSERT INTO Participate (groupId, studentId) VALUES (2, 'HE171883');
INSERT INTO Participate (groupId, studentId) VALUES (2, 'HE172207');
INSERT INTO Participate (groupId, studentId) VALUES (2, 'HE172366');
INSERT INTO Participate (groupId, studentId) VALUES (2, 'HE172533');
INSERT INTO Participate (groupId, studentId) VALUES (2, 'HE172693');
INSERT INTO Participate (groupId, studentId) VALUES (2, 'HE172802');
INSERT INTO Participate (groupId, studentId) VALUES (2, 'HE173328');
INSERT INTO Participate (groupId, studentId) VALUES (2, 'HE173373');
INSERT INTO Participate (groupId, studentId) VALUES (2, 'HE173476');
INSERT INTO Participate (groupId, studentId) VALUES (2, 'HE173489');
INSERT INTO Participate (groupId, studentId) VALUES (2, 'HE176275');
INSERT INTO Participate (groupId, studentId) VALUES (2, 'HE176282');
INSERT INTO Participate (groupId, studentId) VALUES (2, 'HE176285');
INSERT INTO Participate (groupId, studentId) VALUES (2, 'HE176346');
INSERT INTO Participate (groupId, studentId) VALUES (2, 'HE176360');
INSERT INTO Participate (groupId, studentId) VALUES (2, 'HE176603');
INSERT INTO Participate (groupId, studentId) VALUES (2, 'HE176686');
INSERT INTO Participate (groupId, studentId) VALUES (2, 'HE176834');
INSERT INTO Participate (groupId, studentId) VALUES (5, 'HE161285');
INSERT INTO Participate (groupId, studentId) VALUES (5, 'HE161816');
INSERT INTO Participate (groupId, studentId) VALUES (5, 'HE163067');
INSERT INTO Participate (groupId, studentId) VALUES (5, 'HE170011');
INSERT INTO Participate (groupId, studentId) VALUES (5, 'HE170167');
INSERT INTO Participate (groupId, studentId) VALUES (5, 'HE170273');
INSERT INTO Participate (groupId, studentId) VALUES (5, 'HE170301');
INSERT INTO Participate (groupId, studentId) VALUES (5, 'HE170415');
INSERT INTO Participate (groupId, studentId) VALUES (5, 'HE170607');
INSERT INTO Participate (groupId, studentId) VALUES (5, 'HE170622');
INSERT INTO Participate (groupId, studentId) VALUES (5, 'HE170631');
INSERT INTO Participate (groupId, studentId) VALUES (5, 'HE170724');
INSERT INTO Participate (groupId, studentId) VALUES (5, 'HE170960');
INSERT INTO Participate (groupId, studentId) VALUES (5, 'HE170999');
INSERT INTO Participate (groupId, studentId) VALUES (5, 'HE171312');
INSERT INTO Participate (groupId, studentId) VALUES (5, 'HE171411');
INSERT INTO Participate (groupId, studentId) VALUES (5, 'HE171540');
INSERT INTO Participate (groupId, studentId) VALUES (5, 'HE171628');
INSERT INTO Participate (groupId, studentId) VALUES (5, 'HE171865');
INSERT INTO Participate (groupId, studentId) VALUES (5, 'HE172037');
INSERT INTO Participate (groupId, studentId) VALUES (5, 'HE172748');
INSERT INTO Participate (groupId, studentId) VALUES (5, 'HE172838');
INSERT INTO Participate (groupId, studentId) VALUES (5, 'HE172848');
INSERT INTO Participate (groupId, studentId) VALUES (5, 'HE173248');
INSERT INTO Participate (groupId, studentId) VALUES (5, 'HE173588');
INSERT INTO Participate (groupId, studentId) VALUES (5, 'HE176077');
INSERT INTO Participate (groupId, studentId) VALUES (5, 'HE176087');
INSERT INTO Participate (groupId, studentId) VALUES (5, 'HE176169');
INSERT INTO Participate (groupId, studentId) VALUES (5, 'HE176420');
INSERT INTO Participate (groupId, studentId) VALUES (5, 'HE176882');
INSERT INTO Participate (groupId, studentId) VALUES (6, 'HE150732');
INSERT INTO Participate (groupId, studentId) VALUES (6, 'HE150998');
INSERT INTO Participate (groupId, studentId) VALUES (6, 'HE161224');
INSERT INTO Participate (groupId, studentId) VALUES (6, 'HE161597');
INSERT INTO Participate (groupId, studentId) VALUES (6, 'HE163629');
INSERT INTO Participate (groupId, studentId) VALUES (6, 'HE170089');
INSERT INTO Participate (groupId, studentId) VALUES (6, 'HE170685');
INSERT INTO Participate (groupId, studentId) VALUES (6, 'HE170793');
INSERT INTO Participate (groupId, studentId) VALUES (6, 'HE171358');
INSERT INTO Participate (groupId, studentId) VALUES (6, 'HE171394');
INSERT INTO Participate (groupId, studentId) VALUES (6, 'HE171421');
INSERT INTO Participate (groupId, studentId) VALUES (6, 'HE171552');
INSERT INTO Participate (groupId, studentId) VALUES (6, 'HE171908');
INSERT INTO Participate (groupId, studentId) VALUES (6, 'HE171915');
INSERT INTO Participate (groupId, studentId) VALUES (6, 'HE171916');
INSERT INTO Participate (groupId, studentId) VALUES (6, 'HE171990');
INSERT INTO Participate (groupId, studentId) VALUES (6, 'HE172180');
INSERT INTO Participate (groupId, studentId) VALUES (6, 'HE172280');
INSERT INTO Participate (groupId, studentId) VALUES (6, 'HE172313');
INSERT INTO Participate (groupId, studentId) VALUES (6, 'HE172435');
INSERT INTO Participate (groupId, studentId) VALUES (6, 'HE172527');
INSERT INTO Participate (groupId, studentId) VALUES (6, 'HE172538');
INSERT INTO Participate (groupId, studentId) VALUES (6, 'HE172702');
INSERT INTO Participate (groupId, studentId) VALUES (6, 'HE172737');
INSERT INTO Participate (groupId, studentId) VALUES (6, 'HE173401');
INSERT INTO Participate (groupId, studentId) VALUES (6, 'HE173457');
INSERT INTO Participate (groupId, studentId) VALUES (6, 'HE176211');
INSERT INTO Participate (groupId, studentId) VALUES (6, 'HE176279');
INSERT INTO Participate (groupId, studentId) VALUES (6, 'HE176633');
INSERT INTO Participate (groupId, studentId) VALUES (6, 'HE176747');
INSERT INTO Participate (groupId, studentId) VALUES (7, 'HE161302');
INSERT INTO Participate (groupId, studentId) VALUES (7, 'HE163675');
INSERT INTO Participate (groupId, studentId) VALUES (7, 'HE170059');
INSERT INTO Participate (groupId, studentId) VALUES (7, 'HE170141');
INSERT INTO Participate (groupId, studentId) VALUES (7, 'HE170176');
INSERT INTO Participate (groupId, studentId) VALUES (7, 'HE170262');
INSERT INTO Participate (groupId, studentId) VALUES (7, 'HE170318');
INSERT INTO Participate (groupId, studentId) VALUES (7, 'HE170416');
INSERT INTO Participate (groupId, studentId) VALUES (7, 'HE170481');
INSERT INTO Participate (groupId, studentId) VALUES (7, 'HE171285');
INSERT INTO Participate (groupId, studentId) VALUES (7, 'HE171377');
INSERT INTO Participate (groupId, studentId) VALUES (7, 'HE171511');
INSERT INTO Participate (groupId, studentId) VALUES (7, 'HE171558');
INSERT INTO Participate (groupId, studentId) VALUES (7, 'HE171827');
INSERT INTO Participate (groupId, studentId) VALUES (7, 'HE172058');
INSERT INTO Participate (groupId, studentId) VALUES (7, 'HE172063');
INSERT INTO Participate (groupId, studentId) VALUES (7, 'HE172083');
INSERT INTO Participate (groupId, studentId) VALUES (7, 'HE172084');
INSERT INTO Participate (groupId, studentId) VALUES (7, 'HE172163');
INSERT INTO Participate (groupId, studentId) VALUES (7, 'HE172262');
INSERT INTO Participate (groupId, studentId) VALUES (7, 'HE172386');
INSERT INTO Participate (groupId, studentId) VALUES (7, 'HE172398');
INSERT INTO Participate (groupId, studentId) VALUES (7, 'HE172460');
INSERT INTO Participate (groupId, studentId) VALUES (7, 'HE172467');
INSERT INTO Participate (groupId, studentId) VALUES (7, 'HE172568');
INSERT INTO Participate (groupId, studentId) VALUES (7, 'HE172610');
INSERT INTO Participate (groupId, studentId) VALUES (7, 'HE172717');
INSERT INTO Participate (groupId, studentId) VALUES (7, 'HE172787');
INSERT INTO Participate (groupId, studentId) VALUES (7, 'HE172851');
INSERT INTO Participate (groupId, studentId) VALUES (7, 'HS171380');
INSERT INTO Participate (groupId, studentId) VALUES (9, 'HE161469');
INSERT INTO Participate (groupId, studentId) VALUES (9, 'HE163233');
INSERT INTO Participate (groupId, studentId) VALUES (9, 'HE171163');
INSERT INTO Participate (groupId, studentId) VALUES (9, 'HE171403');
INSERT INTO Participate (groupId, studentId) VALUES (9, 'HE171408');
INSERT INTO Participate (groupId, studentId) VALUES (9, 'HE171590');
INSERT INTO Participate (groupId, studentId) VALUES (9, 'HE171985');
INSERT INTO Participate (groupId, studentId) VALUES (9, 'HE172734');
INSERT INTO Participate (groupId, studentId) VALUES (9, 'HE172742');
INSERT INTO Participate (groupId, studentId) VALUES (9, 'HE173033');
INSERT INTO Participate (groupId, studentId) VALUES (9, 'HE176187');
INSERT INTO Participate (groupId, studentId) VALUES (9, 'HE176230');




-- 	PARTICIPATE SE1723
-- SQLINES DEMO *** cipate PRJ301 - SE1723
INSERT INTO Participate (studentId, groupId) VALUES ('HE150057', 15);
INSERT INTO Participate (studentId, groupId) VALUES ('HE151095', 15);
INSERT INTO Participate (studentId, groupId) VALUES ('HE153206', 15);
INSERT INTO Participate (studentId, groupId) VALUES ('HE160694', 15);
INSERT INTO Participate (studentId, groupId) VALUES ('HE161357', 15);
INSERT INTO Participate (studentId, groupId) VALUES ('HE161795', 15);
INSERT INTO Participate (studentId, groupId) VALUES ('HE163146', 15);
INSERT INTO Participate (studentId, groupId) VALUES ('HE164035', 15);
INSERT INTO Participate (studentId, groupId) VALUES ('HE170051', 15);
INSERT INTO Participate (studentId, groupId) VALUES ('HE170245', 15);
INSERT INTO Participate (studentId, groupId) VALUES ('HE170422', 15);
INSERT INTO Participate (studentId, groupId) VALUES ('HE170428', 15);
INSERT INTO Participate (studentId, groupId) VALUES ('HE170444', 15);
INSERT INTO Participate (studentId, groupId) VALUES ('HE170533', 15);
INSERT INTO Participate (studentId, groupId) VALUES ('HE170842', 15);
INSERT INTO Participate (studentId, groupId) VALUES ('HE170863', 15);
INSERT INTO Participate (studentId, groupId) VALUES ('HE170907', 15);
INSERT INTO Participate (studentId, groupId) VALUES ('HE170996', 15);
INSERT INTO Participate (studentId, groupId) VALUES ('HE171071', 15);
INSERT INTO Participate (studentId, groupId) VALUES ('HE171073', 15);
INSERT INTO Participate (studentId, groupId) VALUES ('HE171162', 15);
INSERT INTO Participate (studentId, groupId) VALUES ('HE171442', 15);
INSERT INTO Participate (studentId, groupId) VALUES ('HE171482', 15);
INSERT INTO Participate (studentId, groupId) VALUES ('HE171578', 15);
INSERT INTO Participate (studentId, groupId) VALUES ('HE171687', 15);
INSERT INTO Participate (studentId, groupId) VALUES ('HE171851', 15);
INSERT INTO Participate (studentId, groupId) VALUES ('HE171865', 15);
INSERT INTO Participate (studentId, groupId) VALUES ('HE176182', 15);
INSERT INTO Participate (studentId, groupId) VALUES ('HE176697', 15);
INSERT INTO Participate (studentId, groupId) VALUES ('HE176751', 15);
INSERT INTO Participate (studentId, groupId) VALUES ('SE03520', 15);
INSERT INTO Participate (studentId, groupId) VALUES ('SE04495', 15);
-- SQLINES DEMO *** cipate JPD123 - SE1723
INSERT INTO Participate (studentId, groupId) VALUES ('HE153263', 14);
INSERT INTO Participate (studentId, groupId) VALUES ('HE153535', 14);
INSERT INTO Participate (studentId, groupId) VALUES ('HE160914', 14);
INSERT INTO Participate (studentId, groupId) VALUES ('HE161145', 14);
INSERT INTO Participate (studentId, groupId) VALUES ('HE161357', 14);
INSERT INTO Participate (studentId, groupId) VALUES ('HE161544', 14);
INSERT INTO Participate (studentId, groupId) VALUES ('HE161706', 14);
INSERT INTO Participate (studentId, groupId) VALUES ('HE161800', 14);
INSERT INTO Participate (studentId, groupId) VALUES ('HE161832', 14);
INSERT INTO Participate (studentId, groupId) VALUES ('HE163146', 14);
INSERT INTO Participate (studentId, groupId) VALUES ('HE170051', 14);
INSERT INTO Participate (studentId, groupId) VALUES ('HE170245', 14);
INSERT INTO Participate (studentId, groupId) VALUES ('HE170422', 14);
INSERT INTO Participate (studentId, groupId) VALUES ('HE170428', 14);
INSERT INTO Participate (studentId, groupId) VALUES ('HE170444', 14);
INSERT INTO Participate (studentId, groupId) VALUES ('HE170842', 14);
INSERT INTO Participate (studentId, groupId) VALUES ('HE170863', 14);
INSERT INTO Participate (studentId, groupId) VALUES ('HE170907', 14);
INSERT INTO Participate (studentId, groupId) VALUES ('HE170996', 14);
INSERT INTO Participate (studentId, groupId) VALUES ('HE171071', 14);
INSERT INTO Participate (studentId, groupId) VALUES ('HE171073', 14);
INSERT INTO Participate (studentId, groupId) VALUES ('HE171162', 14);
INSERT INTO Participate (studentId, groupId) VALUES ('HE171442', 14);
INSERT INTO Participate (studentId, groupId) VALUES ('HE171482', 14);
INSERT INTO Participate (studentId, groupId) VALUES ('HE171687', 14);
INSERT INTO Participate (studentId, groupId) VALUES ('HE171851', 14);
INSERT INTO Participate (studentId, groupId) VALUES ('HE171865', 14);
INSERT INTO Participate (studentId, groupId) VALUES ('HE176182', 14);
INSERT INTO Participate (studentId, groupId) VALUES ('HE176697', 14);
INSERT INTO Participate (studentId, groupId) VALUES ('HE176751', 14);
-- SQLINES DEMO *** cipate IOT102 - SE1723
INSERT INTO Participate (studentId, groupId) VALUES ('HE160071', 12);
INSERT INTO Participate (studentId, groupId) VALUES ('HE161357', 12);
INSERT INTO Participate (studentId, groupId) VALUES ('HE163146', 12);
INSERT INTO Participate (studentId, groupId) VALUES ('HE170051', 12);
INSERT INTO Participate (studentId, groupId) VALUES ('HE170245', 12);
INSERT INTO Participate (studentId, groupId) VALUES ('HE170422', 12);
INSERT INTO Participate (studentId, groupId) VALUES ('HE170428', 12);
INSERT INTO Participate (studentId, groupId) VALUES ('HE170444', 12);
INSERT INTO Participate (studentId, groupId) VALUES ('HE170533', 12);
INSERT INTO Participate (studentId, groupId) VALUES ('HE170842', 12);
INSERT INTO Participate (studentId, groupId) VALUES ('HE170863', 12);
INSERT INTO Participate (studentId, groupId) VALUES ('HE170907', 12);
INSERT INTO Participate (studentId, groupId) VALUES ('HE170996', 12);
INSERT INTO Participate (studentId, groupId) VALUES ('HE171071', 12);
INSERT INTO Participate (studentId, groupId) VALUES ('HE171073', 12);
INSERT INTO Participate (studentId, groupId) VALUES ('HE171162', 12);
INSERT INTO Participate (studentId, groupId) VALUES ('HE171442', 12);
INSERT INTO Participate (studentId, groupId) VALUES ('HE171482', 12);
INSERT INTO Participate (studentId, groupId) VALUES ('HE171578', 12);
INSERT INTO Participate (studentId, groupId) VALUES ('HE171687', 12);
INSERT INTO Participate (studentId, groupId) VALUES ('HE171851', 12);
INSERT INTO Participate (studentId, groupId) VALUES ('HE176182', 12);
INSERT INTO Participate (studentId, groupId) VALUES ('HE176697', 12);
INSERT INTO Participate (studentId, groupId) VALUES ('HE176751', 12);
-- SQLINES DEMO *** cipate MAS291 - SE1723
INSERT INTO Participate (studentId, groupId) VALUES ('HE140639', 13);
INSERT INTO Participate (studentId, groupId) VALUES ('HE140842', 13);
INSERT INTO Participate (studentId, groupId) VALUES ('HE153206', 13);
INSERT INTO Participate (studentId, groupId) VALUES ('HE161139', 13);
INSERT INTO Participate (studentId, groupId) VALUES ('HE161357', 13);
INSERT INTO Participate (studentId, groupId) VALUES ('HE161481', 13);
INSERT INTO Participate (studentId, groupId) VALUES ('HE161512', 13);
INSERT INTO Participate (studentId, groupId) VALUES ('HE161733', 13);
INSERT INTO Participate (studentId, groupId) VALUES ('HE161869', 13);
INSERT INTO Participate (studentId, groupId) VALUES ('HE163146', 13);
INSERT INTO Participate (studentId, groupId) VALUES ('HE170051', 13);
INSERT INTO Participate (studentId, groupId) VALUES ('HE170245', 13);
INSERT INTO Participate (studentId, groupId) VALUES ('HE170422', 13);
INSERT INTO Participate (studentId, groupId) VALUES ('HE170428', 13);
INSERT INTO Participate (studentId, groupId) VALUES ('HE170444', 13);
INSERT INTO Participate (studentId, groupId) VALUES ('HE170842', 13);
INSERT INTO Participate (studentId, groupId) VALUES ('HE170863', 13);
INSERT INTO Participate (studentId, groupId) VALUES ('HE170907', 13);
INSERT INTO Participate (studentId, groupId) VALUES ('HE170996', 13);
INSERT INTO Participate (studentId, groupId) VALUES ('HE171071', 13);
INSERT INTO Participate (studentId, groupId) VALUES ('HE171073', 13);
INSERT INTO Participate (studentId, groupId) VALUES ('HE171162', 13);
INSERT INTO Participate (studentId, groupId) VALUES ('HE171442', 13);
INSERT INTO Participate (studentId, groupId) VALUES ('HE171482', 13);
INSERT INTO Participate (studentId, groupId) VALUES ('HE171687', 13);
INSERT INTO Participate (studentId, groupId) VALUES ('HE171851', 13);
INSERT INTO Participate (studentId, groupId) VALUES ('HE171865', 13);
INSERT INTO Participate (studentId, groupId) VALUES ('HE176182', 13);
INSERT INTO Participate (studentId, groupId) VALUES ('HE176697', 13);
INSERT INTO Participate (studentId, groupId) VALUES ('HE176751', 13);


--  SQLINES DEMO *** ipate (IS1702 - SWE201c)
INSERT INTO Participate (studentId, groupId) VALUES ('HE140339', 11);
INSERT INTO Participate (studentId, groupId) VALUES ('HE150282', 11);
INSERT INTO Participate (studentId, groupId) VALUES ('HE160625', 11);
INSERT INTO Participate (studentId, groupId) VALUES ('HE160682', 11);
INSERT INTO Participate (studentId, groupId) VALUES ('HE161469', 11);
INSERT INTO Participate (studentId, groupId) VALUES ('HE161861', 11);
INSERT INTO Participate (studentId, groupId) VALUES ('HE161875', 11);
INSERT INTO Participate (studentId, groupId) VALUES ('HE161882', 11);
INSERT INTO Participate (studentId, groupId) VALUES ('HE161918', 11);
INSERT INTO Participate (studentId, groupId) VALUES ('HE163001', 11);
INSERT INTO Participate (studentId, groupId) VALUES ('HE163146', 11);
INSERT INTO Participate (studentId, groupId) VALUES ('HE163154', 11);
INSERT INTO Participate (studentId, groupId) VALUES ('HE163233', 11);
INSERT INTO Participate (studentId, groupId) VALUES ('HE170051', 11);
INSERT INTO Participate (studentId, groupId) VALUES ('HE170245', 11);
INSERT INTO Participate (studentId, groupId) VALUES ('HE170422', 11);
INSERT INTO Participate (studentId, groupId) VALUES ('HE170428', 11);
INSERT INTO Participate (studentId, groupId) VALUES ('HE170444', 11);
INSERT INTO Participate (studentId, groupId) VALUES ('HE170842', 11);
INSERT INTO Participate (studentId, groupId) VALUES ('HE170863', 11);
INSERT INTO Participate (studentId, groupId) VALUES ('HE170907', 11);
INSERT INTO Participate (studentId, groupId) VALUES ('HE170996', 11);
INSERT INTO Participate (studentId, groupId) VALUES ('HE171071', 11);
INSERT INTO Participate (studentId, groupId) VALUES ('HE171073', 11);
INSERT INTO Participate (studentId, groupId) VALUES ('HE171162', 11);
INSERT INTO Participate (studentId, groupId) VALUES ('HE171163', 11);
INSERT INTO Participate (studentId, groupId) VALUES ('HE171403', 11);
INSERT INTO Participate (studentId, groupId) VALUES ('HE171408', 11);
INSERT INTO Participate (studentId, groupId) VALUES ('HE171442', 11);
INSERT INTO Participate (studentId, groupId) VALUES ('HE171482', 11);
INSERT INTO Participate (studentId, groupId) VALUES ('HE171590', 11);
INSERT INTO Participate (studentId, groupId) VALUES ('HE171687', 11);
INSERT INTO Participate (studentId, groupId) VALUES ('HE171851', 11);
INSERT INTO Participate (studentId, groupId) VALUES ('HE171985', 11);
INSERT INTO Participate (studentId, groupId) VALUES ('HE172734', 11);
INSERT INTO Participate (studentId, groupId) VALUES ('HE172742', 11);
INSERT INTO Participate (studentId, groupId) VALUES ('HE173033', 11);
INSERT INTO Participate (studentId, groupId) VALUES ('HE176160', 11);
INSERT INTO Participate (studentId, groupId) VALUES ('HE176182', 11);
INSERT INTO Participate (studentId, groupId) VALUES ('HE176187', 11);
INSERT INTO Participate (studentId, groupId) VALUES ('HE176230', 11);
INSERT INTO Participate (studentId, groupId) VALUES ('HE176586', 11);
INSERT INTO Participate (studentId, groupId) VALUES ('HE176697', 11);
INSERT INTO Participate (studentId, groupId) VALUES ('HE176751', 11);
INSERT INTO Participate (studentId, groupId) VALUES ('HS160715', 11);


-- Participate SONNT5

-- SQLINES DEMO *** cipate SWE201c - Sonnt5
INSERT INTO `Participate` (`studentId`, `groupId`) VALUES ('HE151390', '4');
INSERT INTO `Participate` (`studentId`, `groupId`) VALUES ('HE161152', '4');
INSERT INTO `Participate` (`studentId`, `groupId`) VALUES ('HE161165', '4');
INSERT INTO `Participate` (`studentId`, `groupId`) VALUES ('HE161181', '4');
INSERT INTO `Participate` (`studentId`, `groupId`) VALUES ('HE163891', '4');
INSERT INTO `Participate` (`studentId`, `groupId`) VALUES ('HE164019', '4');
INSERT INTO `Participate` (`studentId`, `groupId`) VALUES ('HE170012', '4');
INSERT INTO `Participate` (`studentId`, `groupId`) VALUES ('HE170027', '4');
INSERT INTO `Participate` (`studentId`, `groupId`) VALUES ('HE170147', '4');
INSERT INTO `Participate` (`studentId`, `groupId`) VALUES ('HE171284', '4');
INSERT INTO `Participate` (`studentId`, `groupId`) VALUES ('HE171454', '4');
INSERT INTO `Participate` (`studentId`, `groupId`) VALUES ('HE171518', '4');
INSERT INTO `Participate` (`studentId`, `groupId`) VALUES ('HE171587', '4');
INSERT INTO `Participate` (`studentId`, `groupId`) VALUES ('HE171927', '4');
INSERT INTO `Participate` (`studentId`, `groupId`) VALUES ('HE172073', '4');
INSERT INTO `Participate` (`studentId`, `groupId`) VALUES ('HE172273', '4');
INSERT INTO `Participate` (`studentId`, `groupId`) VALUES ('HE172339', '4');
INSERT INTO `Participate` (`studentId`, `groupId`) VALUES ('HE172486', '4');
INSERT INTO `Participate` (`studentId`, `groupId`) VALUES ('HE172517', '4');
INSERT INTO `Participate` (`studentId`, `groupId`) VALUES ('HE172525', '4');
INSERT INTO `Participate` (`studentId`, `groupId`) VALUES ('HE172826', '4');
INSERT INTO `Participate` (`studentId`, `groupId`) VALUES ('HE173222', '4');
INSERT INTO `Participate` (`studentId`, `groupId`) VALUES ('HE173258', '4');
INSERT INTO `Participate` (`studentId`, `groupId`) VALUES ('HE176027', '4');
INSERT INTO `Participate` (`studentId`, `groupId`) VALUES ('HE176125', '4');
INSERT INTO `Participate` (`studentId`, `groupId`) VALUES ('HE176256', '4');
INSERT INTO `Participate` (`studentId`, `groupId`) VALUES ('HE176715', '4');
INSERT INTO `Participate` (`studentId`, `groupId`) VALUES ('HE176743', '4');
INSERT INTO `Participate` (`studentId`, `groupId`) VALUES ('HE176810', '4');
INSERT INTO `Participate` (`studentId`, `groupId`) VALUES ('HE181414', '4');
-- SQLINES DEMO *** cipate PRN211 - Sonnt5
INSERT INTO `Participate` (`studentId`, `groupId`) VALUES ('HE150271', '8');
INSERT INTO `Participate` (`studentId`, `groupId`) VALUES ('HE150862', '8');
INSERT INTO `Participate` (`studentId`, `groupId`) VALUES ('HE170646', '8');
INSERT INTO `Participate` (`studentId`, `groupId`) VALUES ('HE170662', '8');
INSERT INTO `Participate` (`studentId`, `groupId`) VALUES ('HE170738', '8');
INSERT INTO `Participate` (`studentId`, `groupId`) VALUES ('HE170800', '8');
INSERT INTO `Participate` (`studentId`, `groupId`) VALUES ('HE170827', '8');
INSERT INTO `Participate` (`studentId`, `groupId`) VALUES ('HE170995', '8');
INSERT INTO `Participate` (`studentId`, `groupId`) VALUES ('HE171110', '8');
INSERT INTO `Participate` (`studentId`, `groupId`) VALUES ('HE171364', '8');
INSERT INTO `Participate` (`studentId`, `groupId`) VALUES ('HE171534', '8');
INSERT INTO `Participate` (`studentId`, `groupId`) VALUES ('HE172014', '8');
INSERT INTO `Participate` (`studentId`, `groupId`) VALUES ('HE172264', '8');
INSERT INTO `Participate` (`studentId`, `groupId`) VALUES ('HE172372', '8');
INSERT INTO `Participate` (`studentId`, `groupId`) VALUES ('HE172701', '8');
INSERT INTO `Participate` (`studentId`, `groupId`) VALUES ('HE172717', '8');
INSERT INTO `Participate` (`studentId`, `groupId`) VALUES ('HE172726', '8');
INSERT INTO `Participate` (`studentId`, `groupId`) VALUES ('HE173209', '8');
INSERT INTO `Participate` (`studentId`, `groupId`) VALUES ('HE173235', '8');
INSERT INTO `Participate` (`studentId`, `groupId`) VALUES ('HE176292', '8');
INSERT INTO `Participate` (`studentId`, `groupId`) VALUES ('HE176767', '8');
INSERT INTO `Participate` (`studentId`, `groupId`) VALUES ('HE180542', '8');
INSERT INTO `Participate` (`studentId`, `groupId`) VALUES ('HE181024', '8');
INSERT INTO `Participate` (`studentId`, `groupId`) VALUES ('HE181266', '8');
INSERT INTO `Participate` (`studentId`, `groupId`) VALUES ('HE182276', '8');
INSERT INTO `Participate` (`studentId`, `groupId`) VALUES ('HE187276', '8');
-- SQLINES DEMO *** cipate SSG104 - sonnt5
INSERT INTO `Participate` (`studentId`, `groupId`) VALUES ('HE130464', '3');
INSERT INTO `Participate` (`studentId`, `groupId`) VALUES ('HE170038', '3');
INSERT INTO `Participate` (`studentId`, `groupId`) VALUES ('HE170351', '3');
INSERT INTO `Participate` (`studentId`, `groupId`) VALUES ('HE170436', '3');
INSERT INTO `Participate` (`studentId`, `groupId`) VALUES ('HE170459', '3');
INSERT INTO `Participate` (`studentId`, `groupId`) VALUES ('HE170593', '3');
INSERT INTO `Participate` (`studentId`, `groupId`) VALUES ('HE170625', '3');
INSERT INTO `Participate` (`studentId`, `groupId`) VALUES ('HE170663', '3');
INSERT INTO `Participate` (`studentId`, `groupId`) VALUES ('HE170704', '3');
INSERT INTO `Participate` (`studentId`, `groupId`) VALUES ('HE170855', '3');
INSERT INTO `Participate` (`studentId`, `groupId`) VALUES ('HE170911', '3');
INSERT INTO `Participate` (`studentId`, `groupId`) VALUES ('HE170913', '3');
INSERT INTO `Participate` (`studentId`, `groupId`) VALUES ('HE170966', '3');
INSERT INTO `Participate` (`studentId`, `groupId`) VALUES ('HE171112', '3');
INSERT INTO `Participate` (`studentId`, `groupId`) VALUES ('HE171116', '3');
INSERT INTO `Participate` (`studentId`, `groupId`) VALUES ('HE171153', '3');
INSERT INTO `Participate` (`studentId`, `groupId`) VALUES ('HE171271', '3');
INSERT INTO `Participate` (`studentId`, `groupId`) VALUES ('HE171494', '3');
INSERT INTO `Participate` (`studentId`, `groupId`) VALUES ('HE171519', '3');
INSERT INTO `Participate` (`studentId`, `groupId`) VALUES ('HE171547', '3');
INSERT INTO `Participate` (`studentId`, `groupId`) VALUES ('HE171589', '3');
INSERT INTO `Participate` (`studentId`, `groupId`) VALUES ('HE171601', '3');
INSERT INTO `Participate` (`studentId`, `groupId`) VALUES ('HE172039', '3');
INSERT INTO `Participate` (`studentId`, `groupId`) VALUES ('HE172040', '3');
INSERT INTO `Participate` (`studentId`, `groupId`) VALUES ('HE172095', '3');
INSERT INTO `Participate` (`studentId`, `groupId`) VALUES ('HE172175', '3');
INSERT INTO `Participate` (`studentId`, `groupId`) VALUES ('HE172860', '3');
INSERT INTO `Participate` (`studentId`, `groupId`) VALUES ('HE172875', '3');
INSERT INTO `Participate` (`studentId`, `groupId`) VALUES ('HE176347', '3');
INSERT INTO `Participate` (`studentId`, `groupId`) VALUES ('HE176485', '3');
INSERT INTO `Participate` (`studentId`, `groupId`) VALUES ('HE176673', '3');
-- SQLINES DEMO *** cipate IOT102 - sonnt5
INSERT INTO `Participate` (`studentId`, `groupId`) VALUES ('HE153487', '10');
INSERT INTO `Participate` (`studentId`, `groupId`) VALUES ('HE160021', '10');
INSERT INTO `Participate` (`studentId`, `groupId`) VALUES ('HE160120', '10');
INSERT INTO `Participate` (`studentId`, `groupId`) VALUES ('HE160277', '10');
INSERT INTO `Participate` (`studentId`, `groupId`) VALUES ('HE160533', '10');
INSERT INTO `Participate` (`studentId`, `groupId`) VALUES ('HE160623', '10');
INSERT INTO `Participate` (`studentId`, `groupId`) VALUES ('HE160639', '10');
INSERT INTO `Participate` (`studentId`, `groupId`) VALUES ('HE160854', '10');
INSERT INTO `Participate` (`studentId`, `groupId`) VALUES ('HE160866', '10');
INSERT INTO `Participate` (`studentId`, `groupId`) VALUES ('HE160929', '10');
INSERT INTO `Participate` (`studentId`, `groupId`) VALUES ('HE160982', '10');
INSERT INTO `Participate` (`studentId`, `groupId`) VALUES ('HE161234', '10');
INSERT INTO `Participate` (`studentId`, `groupId`) VALUES ('HE161475', '10');
INSERT INTO `Participate` (`studentId`, `groupId`) VALUES ('HE163040', '10');
INSERT INTO `Participate` (`studentId`, `groupId`) VALUES ('HE163063', '10');
INSERT INTO `Participate` (`studentId`, `groupId`) VALUES ('HE163083', '10');
INSERT INTO `Participate` (`studentId`, `groupId`) VALUES ('HE163158', '10');
INSERT INTO `Participate` (`studentId`, `groupId`) VALUES ('HE163166', '10');
INSERT INTO `Participate` (`studentId`, `groupId`) VALUES ('HE163193', '10');
INSERT INTO `Participate` (`studentId`, `groupId`) VALUES ('HE163249', '10');
INSERT INTO `Participate` (`studentId`, `groupId`) VALUES ('HE163283', '10');
INSERT INTO `Participate` (`studentId`, `groupId`) VALUES ('HE163359', '10');
INSERT INTO `Participate` (`studentId`, `groupId`) VALUES ('HE163397', '10');
INSERT INTO `Participate` (`studentId`, `groupId`) VALUES ('HE163500', '10');
INSERT INTO `Participate` (`studentId`, `groupId`) VALUES ('HE163639', '10');
INSERT INTO `Participate` (`studentId`, `groupId`) VALUES ('HE163653', '10');
INSERT INTO `Participate` (`studentId`, `groupId`) VALUES ('HE163774', '10');
INSERT INTO `Participate` (`studentId`, `groupId`) VALUES ('HE163906', '10');



-- GRADE CATEGORY 
INSERT INTO `GradeCategory` (`gradeCategoryId`, `gradeCategoryName`, `gradeItemName`, `weight`, `courseId`) VALUES ('1', 'Assignment', 'Assignment 1', '15', 'CEA201');
INSERT INTO `GradeCategory` (`gradeCategoryId`, `gradeCategoryName`, `gradeItemName`, `weight`, `courseId`) VALUES ('2', 'Assignment', 'Assignment 2', '15', 'CEA201');
INSERT INTO `GradeCategory` (`gradeCategoryId`, `gradeCategoryName`, `gradeItemName`, `weight`, `courseId`) VALUES ('3', 'Assignment', 'Total', '30', 'CEA201');
INSERT INTO `GradeCategory` (`gradeCategoryId`, `gradeCategoryName`, `gradeItemName`, `weight`, `courseId`) VALUES ('4', 'Exercises', 'Exercises 1', '7.5', 'CEA201');
INSERT INTO `GradeCategory` (`gradeCategoryId`, `gradeCategoryName`, `gradeItemName`, `weight`, `courseId`) VALUES ('5', 'Exercises', 'Exercises 2', '7.5', 'CEA201');
INSERT INTO `GradeCategory` (`gradeCategoryId`, `gradeCategoryName`, `gradeItemName`, `weight`, `courseId`) VALUES ('6', 'Exercises', 'Exercises 3', '7.5', 'CEA201');
INSERT INTO `GradeCategory` (`gradeCategoryId`, `gradeCategoryName`, `gradeItemName`, `weight`, `courseId`) VALUES ('7', 'Exercises', 'Exercises 4', '7.5', 'CEA201');
INSERT INTO `GradeCategory` (`gradeCategoryId`, `gradeCategoryName`, `gradeItemName`, `weight`, `courseId`) VALUES ('8', 'Exercises', 'Total', '30', 'CEA201');
INSERT INTO `GradeCategory` (`gradeCategoryId`, `gradeCategoryName`, `gradeItemName`, `weight`, `courseId`) VALUES ('9', 'Final exam', 'Final exam', '40', 'CEA201');
INSERT INTO `GradeCategory` (`gradeCategoryId`, `gradeCategoryName`, `gradeItemName`, `weight`, `courseId`) VALUES ('10', 'Final exam', 'Total', '40', 'CEA201');
INSERT INTO `GradeCategory` (`gradeCategoryId`, `gradeCategoryName`, `gradeItemName`, `weight`, `courseId`) VALUES ('11', 'Final exam Resit', 'Final exam Resit', '40', 'CEA201');
INSERT INTO `GradeCategory` (`gradeCategoryId`, `gradeCategoryName`, `gradeItemName`, `weight`, `courseId`) VALUES ('12', 'Final exam Resit', 'Total', '40', 'CEA201');
INSERT INTO `GradeCategory` (`gradeCategoryId`, `gradeCategoryName`, `gradeItemName`, `weight`, `courseId`) VALUES ('13', 'Presentation', 'Presentation 1', '5', 'CSI104');
INSERT INTO `GradeCategory` (`gradeCategoryId`, `gradeCategoryName`, `gradeItemName`, `weight`, `courseId`) VALUES ('14', 'Presentation', 'Presentation 2', '5', 'CSI104');
INSERT INTO `GradeCategory` (`gradeCategoryId`, `gradeCategoryName`, `gradeItemName`, `weight`, `courseId`) VALUES ('15', 'Presentation', 'Total', '10', 'CSI104');
INSERT INTO `GradeCategory` (`gradeCategoryId`, `gradeCategoryName`, `gradeItemName`, `weight`, `courseId`) VALUES ('16', 'Lab', 'Lab 1', '10', 'CSI104');
INSERT INTO `GradeCategory` (`gradeCategoryId`, `gradeCategoryName`, `gradeItemName`, `weight`, `courseId`) VALUES ('17', 'Lab', 'Lab 2', '10', 'CSI104');
INSERT INTO `GradeCategory` (`gradeCategoryId`, `gradeCategoryName`, `gradeItemName`, `weight`, `courseId`) VALUES ('18', 'Lab', 'Total', '20', 'CSI104');
INSERT INTO `GradeCategory` (`gradeCategoryId`, `gradeCategoryName`, `gradeItemName`, `weight`, `courseId`) VALUES ('19', 'Progress test', 'Progress test 1', '15', 'CSI104');
INSERT INTO `GradeCategory` (`gradeCategoryId`, `gradeCategoryName`, `gradeItemName`, `weight`, `courseId`) VALUES ('20', 'Progress test', 'Progress test 2', '15', 'CSI104');
INSERT INTO `GradeCategory` (`gradeCategoryId`, `gradeCategoryName`, `gradeItemName`, `weight`, `courseId`) VALUES ('21', 'Progress test', 'Total', '30', 'CSI104');
INSERT INTO `GradeCategory` (`gradeCategoryId`, `gradeCategoryName`, `gradeItemName`, `weight`, `courseId`) VALUES ('22', 'Final Exam', 'Final Exam', '40', 'CSI104');
INSERT INTO `GradeCategory` (`gradeCategoryId`, `gradeCategoryName`, `gradeItemName`, `weight`, `courseId`) VALUES ('23', 'Final Exam', 'Total', '40', 'CSI104');
INSERT INTO `GradeCategory` (`gradeCategoryId`, `gradeCategoryName`, `gradeItemName`, `weight`, `courseId`) VALUES ('24', 'Final Exam Resit', 'Final Exam Resit', '40', 'CSI104');
INSERT INTO `GradeCategory` (`gradeCategoryId`, `gradeCategoryName`, `gradeItemName`, `weight`, `courseId`) VALUES ('25', 'Final Exam Resit', 'Total', '40', 'CSI104');
INSERT INTO `GradeCategory` (`gradeCategoryId`, `gradeCategoryName`, `gradeItemName`, `weight`, `courseId`) VALUES ('26', 'Assignment', 'Assignment 1', '10', 'MAE101');
INSERT INTO `GradeCategory` (`gradeCategoryId`, `gradeCategoryName`, `gradeItemName`, `weight`, `courseId`) VALUES ('27', 'Assignment', 'Assignment 2', '10', 'MAE101');
INSERT INTO `GradeCategory` (`gradeCategoryId`, `gradeCategoryName`, `gradeItemName`, `weight`, `courseId`) VALUES ('28', 'Assignment', 'Assignment 3', '10', 'MAE101');
INSERT INTO `GradeCategory` (`gradeCategoryId`, `gradeCategoryName`, `gradeItemName`, `weight`, `courseId`) VALUES ('29', 'Assignment', 'Total', '30', 'MAE101');
INSERT INTO `GradeCategory` (`gradeCategoryId`, `gradeCategoryName`, `gradeItemName`, `weight`, `courseId`) VALUES ('30', 'Progress test', 'Progress test 1', '10', 'MAE101');
INSERT INTO `GradeCategory` (`gradeCategoryId`, `gradeCategoryName`, `gradeItemName`, `weight`, `courseId`) VALUES ('31', 'Progress test', 'Progress test 2', '10', 'MAE101');
INSERT INTO `GradeCategory` (`gradeCategoryId`, `gradeCategoryName`, `gradeItemName`, `weight`, `courseId`) VALUES ('32', 'Progress test', 'Progress test 3', '10', 'MAE101');
INSERT INTO `GradeCategory` (`gradeCategoryId`, `gradeCategoryName`, `gradeItemName`, `weight`, `courseId`) VALUES ('33', 'Progress test', 'Total', '30', 'MAE101');
INSERT INTO `GradeCategory` (`gradeCategoryId`, `gradeCategoryName`, `gradeItemName`, `weight`, `courseId`) VALUES ('34', 'Final Exam', 'Final Exam', '40', 'MAE101');
INSERT INTO `GradeCategory` (`gradeCategoryId`, `gradeCategoryName`, `gradeItemName`, `weight`, `courseId`) VALUES ('35', 'Final Exam', 'Total', '40', 'MAE101');
INSERT INTO `GradeCategory` (`gradeCategoryId`, `gradeCategoryName`, `gradeItemName`, `weight`, `courseId`) VALUES ('36', 'Final Exam Resit', 'Final Exam Resit', '40', 'MAE101');
INSERT INTO `GradeCategory` (`gradeCategoryId`, `gradeCategoryName`, `gradeItemName`, `weight`, `courseId`) VALUES ('37', 'Final Exam Resit', 'Total', '40', 'MAE101');
INSERT INTO `GradeCategory` (`gradeCategoryId`, `gradeCategoryName`, `gradeItemName`, `weight`, `courseId`) VALUES ('38', 'Assignment', 'Assignment', '10', 'PRF192');
INSERT INTO `GradeCategory` (`gradeCategoryId`, `gradeCategoryName`, `gradeItemName`, `weight`, `courseId`) VALUES ('39', 'Assignment', 'Total', '10', 'PRF192');
INSERT INTO `GradeCategory` (`gradeCategoryId`, `gradeCategoryName`, `gradeItemName`, `weight`, `courseId`) VALUES ('40', 'Progress test', 'Progress test 1', '5', 'PRF192');
INSERT INTO `GradeCategory` (`gradeCategoryId`, `gradeCategoryName`, `gradeItemName`, `weight`, `courseId`) VALUES ('41', 'Progress test', 'Progress test 2', '5', 'PRF192');
INSERT INTO `GradeCategory` (`gradeCategoryId`, `gradeCategoryName`, `gradeItemName`, `weight`, `courseId`) VALUES ('42', 'Progress test', 'Total', '10', 'PRF192');
INSERT INTO `GradeCategory` (`gradeCategoryId`, `gradeCategoryName`, `gradeItemName`, `weight`, `courseId`) VALUES ('43', 'Workshop', 'Workshop 1', '1.3', 'PRF192');
INSERT INTO `GradeCategory` (`gradeCategoryId`, `gradeCategoryName`, `gradeItemName`, `weight`, `courseId`) VALUES ('44', 'Workshop', 'Workshop 2', '1.3', 'PRF192');
INSERT INTO `GradeCategory` (`gradeCategoryId`, `gradeCategoryName`, `gradeItemName`, `weight`, `courseId`) VALUES ('45', 'Workshop', 'Workshop 3', '1.3', 'PRF192');
INSERT INTO `GradeCategory` (`gradeCategoryId`, `gradeCategoryName`, `gradeItemName`, `weight`, `courseId`) VALUES ('46', 'Workshop', 'Workshop 4', '1.3', 'PRF192');
INSERT INTO `GradeCategory` (`gradeCategoryId`, `gradeCategoryName`, `gradeItemName`, `weight`, `courseId`) VALUES ('47', 'Workshop', 'Workshop 5', '1.3', 'PRF192');
INSERT INTO `GradeCategory` (`gradeCategoryId`, `gradeCategoryName`, `gradeItemName`, `weight`, `courseId`) VALUES ('48', 'Workshop', 'Workshop 6', '1.3', 'PRF192');
INSERT INTO `GradeCategory` (`gradeCategoryId`, `gradeCategoryName`, `gradeItemName`, `weight`, `courseId`) VALUES ('49', 'Workshop', 'Workshop 7', '1.3', 'PRF192');
INSERT INTO `GradeCategory` (`gradeCategoryId`, `gradeCategoryName`, `gradeItemName`, `weight`, `courseId`) VALUES ('50', 'Workshop', 'Workshop 8', '1.3', 'PRF192');
INSERT INTO `GradeCategory` (`gradeCategoryId`, `gradeCategoryName`, `gradeItemName`, `weight`, `courseId`) VALUES ('51', 'Workshop', 'Total', '10', 'PRF192');
INSERT INTO `GradeCategory` (`gradeCategoryId`, `gradeCategoryName`, `gradeItemName`, `weight`, `courseId`) VALUES ('52', 'Practical exam', 'Practical exam', '40', 'PRF192');
INSERT INTO `GradeCategory` (`gradeCategoryId`, `gradeCategoryName`, `gradeItemName`, `weight`, `courseId`) VALUES ('53', 'Practical exam', 'Total', '40', 'PRF192');
INSERT INTO `GradeCategory` (`gradeCategoryId`, `gradeCategoryName`, `gradeItemName`, `weight`, `courseId`) VALUES ('54', 'Final Exam', 'Final Exam', '30', 'PRF192');
INSERT INTO `GradeCategory` (`gradeCategoryId`, `gradeCategoryName`, `gradeItemName`, `weight`, `courseId`) VALUES ('55', 'Final Exam', 'Total', '30', 'PRF192');
INSERT INTO `GradeCategory` (`gradeCategoryId`, `gradeCategoryName`, `gradeItemName`, `weight`, `courseId`) VALUES ('56', 'Final Exam Resit', 'Final Exam Resit', '30', 'PRF192');
INSERT INTO `GradeCategory` (`gradeCategoryId`, `gradeCategoryName`, `gradeItemName`, `weight`, `courseId`) VALUES ('57', 'Final Exam Resit', 'Total', '30', 'PRF192');
INSERT INTO `GradeCategory` (`gradeCategoryId`, `gradeCategoryName`, `gradeItemName`, `weight`, `courseId`) VALUES ('58', 'Final Exam', 'Theory exam', '50', 'SSL101c');
INSERT INTO `GradeCategory` (`gradeCategoryId`, `gradeCategoryName`, `gradeItemName`, `weight`, `courseId`) VALUES ('59', 'Final Exam', 'Pratice exam', '50', 'SSL101c');
INSERT INTO `GradeCategory` (`gradeCategoryId`, `gradeCategoryName`, `gradeItemName`, `weight`, `courseId`) VALUES ('60', 'Final Exam Resit', 'Theory exam resit', '50', 'SSL101c');
INSERT INTO `GradeCategory` (`gradeCategoryId`, `gradeCategoryName`, `gradeItemName`, `weight`, `courseId`) VALUES ('61', 'Final Exam Resit', 'Pratice exam resit', '50', 'SSL101c');
INSERT INTO `GradeCategory` (`gradeCategoryId`, `gradeCategoryName`, `gradeItemName`, `weight`, `courseId`) VALUES ('62', 'Final Exam', 'Total', '100', 'SSL101c');
INSERT INTO `GradeCategory` (`gradeCategoryId`, `gradeCategoryName`, `gradeItemName`, `weight`, `courseId`) VALUES ('63', 'Final Exam Resit', 'Total', '100', 'SSL101c');
INSERT INTO `GradeCategory` (`gradeCategoryId`, `gradeCategoryName`, `gradeItemName`, `weight`, `courseId`) VALUES ('64', 'Final exam', 'Final exam', '100', 'VOV124');
INSERT INTO `GradeCategory` (`gradeCategoryId`, `gradeCategoryName`, `gradeItemName`, `weight`, `courseId`) VALUES ('65', 'Final exam', 'Total', '100', 'VOV124');
INSERT INTO `GradeCategory` (`gradeCategoryId`, `gradeCategoryName`, `gradeItemName`, `weight`, `courseId`) VALUES ('66', 'Final exam Resit', 'Final exam Resit', '100', 'VOV124');
INSERT INTO `GradeCategory` (`gradeCategoryId`, `gradeCategoryName`, `gradeItemName`, `weight`, `courseId`) VALUES ('67', 'Final exam Resit', 'Total', '100', 'VOV124');
INSERT INTO `GradeCategory` (`gradeCategoryId`, `gradeCategoryName`, `gradeItemName`, `weight`, `courseId`) VALUES ('68', 'Assignment', 'Assignment 1', '10', 'MAD101');
INSERT INTO `GradeCategory` (`gradeCategoryId`, `gradeCategoryName`, `gradeItemName`, `weight`, `courseId`) VALUES ('69', 'Assignment', 'Assignment 2', '10', 'MAD101');
INSERT INTO `GradeCategory` (`gradeCategoryId`, `gradeCategoryName`, `gradeItemName`, `weight`, `courseId`) VALUES ('70', 'Assignment', 'Assignment 3', '10', 'MAD101');
INSERT INTO `GradeCategory` (`gradeCategoryId`, `gradeCategoryName`, `gradeItemName`, `weight`, `courseId`) VALUES ('71', 'Assignment', 'Total', '30', 'MAD101');
INSERT INTO `GradeCategory` (`gradeCategoryId`, `gradeCategoryName`, `gradeItemName`, `weight`, `courseId`) VALUES ('72', 'Progress test', 'Progress test 1', '10', 'MAD101');
INSERT INTO `GradeCategory` (`gradeCategoryId`, `gradeCategoryName`, `gradeItemName`, `weight`, `courseId`) VALUES ('73', 'Progress test', 'Progress test 2', '10', 'MAD101');
INSERT INTO `GradeCategory` (`gradeCategoryId`, `gradeCategoryName`, `gradeItemName`, `weight`, `courseId`) VALUES ('74', 'Progress test', 'Progress test 3', '10', 'MAD101');
INSERT INTO `GradeCategory` (`gradeCategoryId`, `gradeCategoryName`, `gradeItemName`, `weight`, `courseId`) VALUES ('75', 'Progress test', 'Total', '30', 'MAD101');
INSERT INTO `GradeCategory` (`gradeCategoryId`, `gradeCategoryName`, `gradeItemName`, `weight`, `courseId`) VALUES ('76', 'Final Exam', 'Final Exam', '40', 'MAD101');
INSERT INTO `GradeCategory` (`gradeCategoryId`, `gradeCategoryName`, `gradeItemName`, `weight`, `courseId`) VALUES ('77', 'Final Exam', 'Total', '40', 'MAD101');
INSERT INTO `GradeCategory` (`gradeCategoryId`, `gradeCategoryName`, `gradeItemName`, `weight`, `courseId`) VALUES ('78', 'Final Exam Resit', 'Final Exam Resit', '40', 'MAD101');
INSERT INTO `GradeCategory` (`gradeCategoryId`, `gradeCategoryName`, `gradeItemName`, `weight`, `courseId`) VALUES ('79', 'Final Exam Resit', 'Total', '40', 'MAD101');
INSERT INTO `GradeCategory` (`gradeCategoryId`, `gradeCategoryName`, `gradeItemName`, `weight`, `courseId`) VALUES ('80', 'Final Exam', 'Theory exam', '50', 'NWC203c');
INSERT INTO `GradeCategory` (`gradeCategoryId`, `gradeCategoryName`, `gradeItemName`, `weight`, `courseId`) VALUES ('81', 'Final Exam', 'Pratice exam', '50', 'NWC203c');
INSERT INTO `GradeCategory` (`gradeCategoryId`, `gradeCategoryName`, `gradeItemName`, `weight`, `courseId`) VALUES ('82', 'Final Exam Resit', 'Theory exam resit', '50', 'NWC203c');
INSERT INTO `GradeCategory` (`gradeCategoryId`, `gradeCategoryName`, `gradeItemName`, `weight`, `courseId`) VALUES ('83', 'Final Exam Resit', 'Pratice exam resit', '50', 'NWC203c');
INSERT INTO `GradeCategory` (`gradeCategoryId`, `gradeCategoryName`, `gradeItemName`, `weight`, `courseId`) VALUES ('84', 'Final Exam', 'Total', '100', 'NWC203c');
INSERT INTO `GradeCategory` (`gradeCategoryId`, `gradeCategoryName`, `gradeItemName`, `weight`, `courseId`) VALUES ('85', 'Final Exam Resit', 'Total', '100', 'NWC203c');
INSERT INTO `GradeCategory` (`gradeCategoryId`, `gradeCategoryName`, `gradeItemName`, `weight`, `courseId`) VALUES ('86', 'Lab', 'Lab 1', '5', 'OSG202');
INSERT INTO `GradeCategory` (`gradeCategoryId`, `gradeCategoryName`, `gradeItemName`, `weight`, `courseId`) VALUES ('87', 'Lab', 'Lab 2', '5', 'OSG202');
INSERT INTO `GradeCategory` (`gradeCategoryId`, `gradeCategoryName`, `gradeItemName`, `weight`, `courseId`) VALUES ('88', 'Lab', 'Lab 3', '5', 'OSG202');
INSERT INTO `GradeCategory` (`gradeCategoryId`, `gradeCategoryName`, `gradeItemName`, `weight`, `courseId`) VALUES ('89', 'Lab', 'Lab 4', '5', 'OSG202');
INSERT INTO `GradeCategory` (`gradeCategoryId`, `gradeCategoryName`, `gradeItemName`, `weight`, `courseId`) VALUES ('90', 'Lab', 'Total', '20', 'OSG202');
INSERT INTO `GradeCategory` (`gradeCategoryId`, `gradeCategoryName`, `gradeItemName`, `weight`, `courseId`) VALUES ('91', 'Presentation', 'Presentation', '20', 'OSG202');
INSERT INTO `GradeCategory` (`gradeCategoryId`, `gradeCategoryName`, `gradeItemName`, `weight`, `courseId`) VALUES ('92', 'Presentation', 'Total', '20', 'OSG202');
INSERT INTO `GradeCategory` (`gradeCategoryId`, `gradeCategoryName`, `gradeItemName`, `weight`, `courseId`) VALUES ('93', 'Progress test', 'Progress test 1', '10', 'OSG202');
INSERT INTO `GradeCategory` (`gradeCategoryId`, `gradeCategoryName`, `gradeItemName`, `weight`, `courseId`) VALUES ('94', 'Progress test', 'Progress test 2', '10', 'OSG202');
INSERT INTO `GradeCategory` (`gradeCategoryId`, `gradeCategoryName`, `gradeItemName`, `weight`, `courseId`) VALUES ('95', 'Progress test', 'Total', '20', 'OSG202');
INSERT INTO `GradeCategory` (`gradeCategoryId`, `gradeCategoryName`, `gradeItemName`, `weight`, `courseId`) VALUES ('96', 'Final exam', 'Final exam', '40', 'OSG202');
INSERT INTO `GradeCategory` (`gradeCategoryId`, `gradeCategoryName`, `gradeItemName`, `weight`, `courseId`) VALUES ('97', 'Final exam', 'Total', '40', 'OSG202');
INSERT INTO `GradeCategory` (`gradeCategoryId`, `gradeCategoryName`, `gradeItemName`, `weight`, `courseId`) VALUES ('98', 'Final exam Resit', 'Final exam Resit', '40', 'OSG202');
INSERT INTO `GradeCategory` (`gradeCategoryId`, `gradeCategoryName`, `gradeItemName`, `weight`, `courseId`) VALUES ('99', 'Final exam Resit', 'Total', '40', 'OSG202');
INSERT INTO `GradeCategory` (`gradeCategoryId`, `gradeCategoryName`, `gradeItemName`, `weight`, `courseId`) VALUES ('100', 'Lab', 'Lab 1', '1.7', 'PRO192');
INSERT INTO `GradeCategory` (`gradeCategoryId`, `gradeCategoryName`, `gradeItemName`, `weight`, `courseId`) VALUES ('101', 'Lab', 'Lab 2', '1.7', 'PRO192');
INSERT INTO `GradeCategory` (`gradeCategoryId`, `gradeCategoryName`, `gradeItemName`, `weight`, `courseId`) VALUES ('102', 'Lab', 'Lab 3', '1.7', 'PRO192');
INSERT INTO `GradeCategory` (`gradeCategoryId`, `gradeCategoryName`, `gradeItemName`, `weight`, `courseId`) VALUES ('103', 'Lab', 'Lab 4', '1.7', 'PRO192');
INSERT INTO `GradeCategory` (`gradeCategoryId`, `gradeCategoryName`, `gradeItemName`, `weight`, `courseId`) VALUES ('104', 'Lab', 'Lab 5', '1.7', 'PRO192');
INSERT INTO `GradeCategory` (`gradeCategoryId`, `gradeCategoryName`, `gradeItemName`, `weight`, `courseId`) VALUES ('105', 'Lab', 'Lab 6', '1.7', 'PRO192');
INSERT INTO `GradeCategory` (`gradeCategoryId`, `gradeCategoryName`, `gradeItemName`, `weight`, `courseId`) VALUES ('106', 'Lab', 'Total', '10', 'PRO192');
INSERT INTO `GradeCategory` (`gradeCategoryId`, `gradeCategoryName`, `gradeItemName`, `weight`, `courseId`) VALUES ('107', 'Progress Test', 'Progress Test 1', '5', 'PRO192');
INSERT INTO `GradeCategory` (`gradeCategoryId`, `gradeCategoryName`, `gradeItemName`, `weight`, `courseId`) VALUES ('108', 'Progress Test', 'Progress Test 2', '5', 'PRO192');
INSERT INTO `GradeCategory` (`gradeCategoryId`, `gradeCategoryName`, `gradeItemName`, `weight`, `courseId`) VALUES ('109', 'Progress Test', 'Total', '10', 'PRO192');
INSERT INTO `GradeCategory` (`gradeCategoryId`, `gradeCategoryName`, `gradeItemName`, `weight`, `courseId`) VALUES ('110', 'Assignment', 'Assignment', '20', 'PRO192');
INSERT INTO `GradeCategory` (`gradeCategoryId`, `gradeCategoryName`, `gradeItemName`, `weight`, `courseId`) VALUES ('111', 'Assignment', 'Total', '20', 'PRO192');
INSERT INTO `GradeCategory` (`gradeCategoryId`, `gradeCategoryName`, `gradeItemName`, `weight`, `courseId`) VALUES ('112', 'Practical Exam', 'Practical Exam', '30', 'PRO192');
INSERT INTO `GradeCategory` (`gradeCategoryId`, `gradeCategoryName`, `gradeItemName`, `weight`, `courseId`) VALUES ('113', 'Practical Exam', 'Total', '30', 'PRO192');
INSERT INTO `GradeCategory` (`gradeCategoryId`, `gradeCategoryName`, `gradeItemName`, `weight`, `courseId`) VALUES ('114', 'Final Exam', 'Final Exam', '30', 'PRO192');
INSERT INTO `GradeCategory` (`gradeCategoryId`, `gradeCategoryName`, `gradeItemName`, `weight`, `courseId`) VALUES ('115', 'Final Exam', 'Total', '30', 'PRO192');
INSERT INTO `GradeCategory` (`gradeCategoryId`, `gradeCategoryName`, `gradeItemName`, `weight`, `courseId`) VALUES ('116', 'Final Exam Resit', 'Final Exam Resit', '30', 'PRO192');
INSERT INTO `GradeCategory` (`gradeCategoryId`, `gradeCategoryName`, `gradeItemName`, `weight`, `courseId`) VALUES ('117', 'Final Exam Resit', 'Total', '30', 'PRO192');
INSERT INTO `GradeCategory` (`gradeCategoryId`, `gradeCategoryName`, `gradeItemName`, `weight`, `courseId`) VALUES ('118', 'Quiz', 'Quiz', '5', 'SSG104');
INSERT INTO `GradeCategory` (`gradeCategoryId`, `gradeCategoryName`, `gradeItemName`, `weight`, `courseId`) VALUES ('119', 'Quiz', 'Total', '5', 'SSG104');
INSERT INTO `GradeCategory` (`gradeCategoryId`, `gradeCategoryName`, `gradeItemName`, `weight`, `courseId`) VALUES ('120', 'Participation', 'Participation', '10', 'SSG104');
INSERT INTO `GradeCategory` (`gradeCategoryId`, `gradeCategoryName`, `gradeItemName`, `weight`, `courseId`) VALUES ('121', 'Participation', 'Total', '10', 'SSG104');
INSERT INTO `GradeCategory` (`gradeCategoryId`, `gradeCategoryName`, `gradeItemName`, `weight`, `courseId`) VALUES ('122', 'Activity', 'Activity 1', '5', 'SSG104');
INSERT INTO `GradeCategory` (`gradeCategoryId`, `gradeCategoryName`, `gradeItemName`, `weight`, `courseId`) VALUES ('123', 'Activity', 'Activity 2', '5', 'SSG104');
INSERT INTO `GradeCategory` (`gradeCategoryId`, `gradeCategoryName`, `gradeItemName`, `weight`, `courseId`) VALUES ('124', 'Activity', 'Activity 3', '5', 'SSG104');
INSERT INTO `GradeCategory` (`gradeCategoryId`, `gradeCategoryName`, `gradeItemName`, `weight`, `courseId`) VALUES ('125', 'Activity', 'Total', '15', 'SSG104');
INSERT INTO `GradeCategory` (`gradeCategoryId`, `gradeCategoryName`, `gradeItemName`, `weight`, `courseId`) VALUES ('126', 'Group asm', 'Group asm 1', '10', 'SSG104');
INSERT INTO `GradeCategory` (`gradeCategoryId`, `gradeCategoryName`, `gradeItemName`, `weight`, `courseId`) VALUES ('127', 'Group asm', 'Group asm 2', '10', 'SSG104');
INSERT INTO `GradeCategory` (`gradeCategoryId`, `gradeCategoryName`, `gradeItemName`, `weight`, `courseId`) VALUES ('128', 'Group asm', 'Total', '20', 'SSG104');
INSERT INTO `GradeCategory` (`gradeCategoryId`, `gradeCategoryName`, `gradeItemName`, `weight`, `courseId`) VALUES ('129', 'Group project', 'Group project 1', '10', 'SSG104');
INSERT INTO `GradeCategory` (`gradeCategoryId`, `gradeCategoryName`, `gradeItemName`, `weight`, `courseId`) VALUES ('130', 'Group project', 'Group project 2', '10', 'SSG104');
INSERT INTO `GradeCategory` (`gradeCategoryId`, `gradeCategoryName`, `gradeItemName`, `weight`, `courseId`) VALUES ('131', 'Group project', 'Group project 3', '10', 'SSG104');
INSERT INTO `GradeCategory` (`gradeCategoryId`, `gradeCategoryName`, `gradeItemName`, `weight`, `courseId`) VALUES ('132', 'Group project', 'Total', '30', 'SSG104');
INSERT INTO `GradeCategory` (`gradeCategoryId`, `gradeCategoryName`, `gradeItemName`, `weight`, `courseId`) VALUES ('133', 'Final exam', 'Final exam', '20', 'SSG104');
INSERT INTO `GradeCategory` (`gradeCategoryId`, `gradeCategoryName`, `gradeItemName`, `weight`, `courseId`) VALUES ('134', 'Final exam', 'Total', '20', 'SSG104');
INSERT INTO `GradeCategory` (`gradeCategoryId`, `gradeCategoryName`, `gradeItemName`, `weight`, `courseId`) VALUES ('135', 'Final exam Resit', 'Final exam Resit', '20', 'SSG104');
INSERT INTO `GradeCategory` (`gradeCategoryId`, `gradeCategoryName`, `gradeItemName`, `weight`, `courseId`) VALUES ('136', 'Final exam Resit', 'Total', '20', 'SSG104');
INSERT INTO `GradeCategory` (`gradeCategoryId`, `gradeCategoryName`, `gradeItemName`, `weight`, `courseId`) VALUES ('137', 'Final exam', 'Final exam', '100', 'VOV134');
INSERT INTO `GradeCategory` (`gradeCategoryId`, `gradeCategoryName`, `gradeItemName`, `weight`, `courseId`) VALUES ('138', 'Final exam', 'Total', '100', 'VOV134');
INSERT INTO `GradeCategory` (`gradeCategoryId`, `gradeCategoryName`, `gradeItemName`, `weight`, `courseId`) VALUES ('139', 'Final exam Resit', 'Final exam Resit', '100', 'VOV134');
INSERT INTO `GradeCategory` (`gradeCategoryId`, `gradeCategoryName`, `gradeItemName`, `weight`, `courseId`) VALUES ('140', 'Final exam Resit', 'Total', '100', 'VOV134');
INSERT INTO `GradeCategory` (`gradeCategoryId`, `gradeCategoryName`, `gradeItemName`, `weight`, `courseId`) VALUES ('141', 'Assignment', 'Assignment 1', '10', 'CSD201');
INSERT INTO `GradeCategory` (`gradeCategoryId`, `gradeCategoryName`, `gradeItemName`, `weight`, `courseId`) VALUES ('142', 'Assignment', 'Assignment 2', '10', 'CSD201');
INSERT INTO `GradeCategory` (`gradeCategoryId`, `gradeCategoryName`, `gradeItemName`, `weight`, `courseId`) VALUES ('143', 'Assignment', 'Total', '20', 'CSD201');
INSERT INTO `GradeCategory` (`gradeCategoryId`, `gradeCategoryName`, `gradeItemName`, `weight`, `courseId`) VALUES ('144', 'Progress test', 'Progress test 1', '10', 'CSD201');
INSERT INTO `GradeCategory` (`gradeCategoryId`, `gradeCategoryName`, `gradeItemName`, `weight`, `courseId`) VALUES ('145', 'Progress test', 'Progress test 2', '10', 'CSD201');
INSERT INTO `GradeCategory` (`gradeCategoryId`, `gradeCategoryName`, `gradeItemName`, `weight`, `courseId`) VALUES ('146', 'Progress test', 'Total', '20', 'CSD201');
INSERT INTO `GradeCategory` (`gradeCategoryId`, `gradeCategoryName`, `gradeItemName`, `weight`, `courseId`) VALUES ('147', 'Practical Exam', 'Practical Exam', '30', 'CSD201');
INSERT INTO `GradeCategory` (`gradeCategoryId`, `gradeCategoryName`, `gradeItemName`, `weight`, `courseId`) VALUES ('148', 'Practical Exam', 'Total', '30', 'CSD201');
INSERT INTO `GradeCategory` (`gradeCategoryId`, `gradeCategoryName`, `gradeItemName`, `weight`, `courseId`) VALUES ('149', 'Final Exam', 'Final Exam', '30', 'CSD201');
INSERT INTO `GradeCategory` (`gradeCategoryId`, `gradeCategoryName`, `gradeItemName`, `weight`, `courseId`) VALUES ('150', 'Final Exam', 'Total', '30', 'CSD201');
INSERT INTO `GradeCategory` (`gradeCategoryId`, `gradeCategoryName`, `gradeItemName`, `weight`, `courseId`) VALUES ('151', 'Final Exam Resit', 'Final Exam Resit', '30', 'CSD201');
INSERT INTO `GradeCategory` (`gradeCategoryId`, `gradeCategoryName`, `gradeItemName`, `weight`, `courseId`) VALUES ('152', 'Final Exam Resit', 'Total', '30', 'CSD201');
INSERT INTO `GradeCategory` (`gradeCategoryId`, `gradeCategoryName`, `gradeItemName`, `weight`, `courseId`) VALUES ('153', 'Lab', 'Lab 1', '2', 'DBI202');
INSERT INTO `GradeCategory` (`gradeCategoryId`, `gradeCategoryName`, `gradeItemName`, `weight`, `courseId`) VALUES ('154', 'Lab', 'Lab 2', '2', 'DBI202');
INSERT INTO `GradeCategory` (`gradeCategoryId`, `gradeCategoryName`, `gradeItemName`, `weight`, `courseId`) VALUES ('155', 'Lab', 'Lab 3', '2', 'DBI202');
INSERT INTO `GradeCategory` (`gradeCategoryId`, `gradeCategoryName`, `gradeItemName`, `weight`, `courseId`) VALUES ('156', 'Lab', 'Lab 4', '2', 'DBI202');
INSERT INTO `GradeCategory` (`gradeCategoryId`, `gradeCategoryName`, `gradeItemName`, `weight`, `courseId`) VALUES ('157', 'Lab', 'Lab 5', '2', 'DBI202');
INSERT INTO `GradeCategory` (`gradeCategoryId`, `gradeCategoryName`, `gradeItemName`, `weight`, `courseId`) VALUES ('158', 'Lab', 'Total', '10', 'DBI202');
INSERT INTO `GradeCategory` (`gradeCategoryId`, `gradeCategoryName`, `gradeItemName`, `weight`, `courseId`) VALUES ('159', 'Progress Test', 'Progress Test 1', '5', 'DBI202');
INSERT INTO `GradeCategory` (`gradeCategoryId`, `gradeCategoryName`, `gradeItemName`, `weight`, `courseId`) VALUES ('160', 'Progress Test', 'Progress Test 2', '5', 'DBI202');
INSERT INTO `GradeCategory` (`gradeCategoryId`, `gradeCategoryName`, `gradeItemName`, `weight`, `courseId`) VALUES ('161', 'Progress Test', 'Total', '10', 'DBI202');
INSERT INTO `GradeCategory` (`gradeCategoryId`, `gradeCategoryName`, `gradeItemName`, `weight`, `courseId`) VALUES ('162', 'Assignment', 'Assignment', '20', 'DBI202');
INSERT INTO `GradeCategory` (`gradeCategoryId`, `gradeCategoryName`, `gradeItemName`, `weight`, `courseId`) VALUES ('163', 'Assignment', 'Total', '20', 'DBI202');
INSERT INTO `GradeCategory` (`gradeCategoryId`, `gradeCategoryName`, `gradeItemName`, `weight`, `courseId`) VALUES ('164', 'Practical Exam', 'Practical Exam', '30', 'DBI202');
INSERT INTO `GradeCategory` (`gradeCategoryId`, `gradeCategoryName`, `gradeItemName`, `weight`, `courseId`) VALUES ('165', 'Practical Exam', 'Total', '30', 'DBI202');
INSERT INTO `GradeCategory` (`gradeCategoryId`, `gradeCategoryName`, `gradeItemName`, `weight`, `courseId`) VALUES ('166', 'Final Exam', 'Final Exam', '30', 'DBI202');
INSERT INTO `GradeCategory` (`gradeCategoryId`, `gradeCategoryName`, `gradeItemName`, `weight`, `courseId`) VALUES ('167', 'Final Exam', 'Total', '30', 'DBI202');
INSERT INTO `GradeCategory` (`gradeCategoryId`, `gradeCategoryName`, `gradeItemName`, `weight`, `courseId`) VALUES ('168', 'Final Exam Resit', 'Final Exam Resit', '30', 'DBI202');
INSERT INTO `GradeCategory` (`gradeCategoryId`, `gradeCategoryName`, `gradeItemName`, `weight`, `courseId`) VALUES ('169', 'Final Exam Resit', 'Total', '30', 'DBI202');
INSERT INTO `GradeCategory` (`gradeCategoryId`, `gradeCategoryName`, `gradeItemName`, `weight`, `courseId`) VALUES ('170', 'Participation', 'Participation', '10', 'JPD113');
INSERT INTO `GradeCategory` (`gradeCategoryId`, `gradeCategoryName`, `gradeItemName`, `weight`, `courseId`) VALUES ('171', 'Participation', 'Total', '10', 'JPD113');
INSERT INTO `GradeCategory` (`gradeCategoryId`, `gradeCategoryName`, `gradeItemName`, `weight`, `courseId`) VALUES ('172', 'Progress test', 'Progress test 1', '10', 'JPD113');
INSERT INTO `GradeCategory` (`gradeCategoryId`, `gradeCategoryName`, `gradeItemName`, `weight`, `courseId`) VALUES ('173', 'Progress test', 'Progress test 2', '10', 'JPD113');
INSERT INTO `GradeCategory` (`gradeCategoryId`, `gradeCategoryName`, `gradeItemName`, `weight`, `courseId`) VALUES ('174', 'Progress test', 'Total', '20', 'JPD113');
INSERT INTO `GradeCategory` (`gradeCategoryId`, `gradeCategoryName`, `gradeItemName`, `weight`, `courseId`) VALUES ('175', 'Mid-term test', 'Mid-term test', '30', 'JPD113');
INSERT INTO `GradeCategory` (`gradeCategoryId`, `gradeCategoryName`, `gradeItemName`, `weight`, `courseId`) VALUES ('176', 'Mid-term test', 'Total', '30', 'JPD113');
INSERT INTO `GradeCategory` (`gradeCategoryId`, `gradeCategoryName`, `gradeItemName`, `weight`, `courseId`) VALUES ('177', 'Final Exam', 'FE: Listening', '10', 'JPD113');
INSERT INTO `GradeCategory` (`gradeCategoryId`, `gradeCategoryName`, `gradeItemName`, `weight`, `courseId`) VALUES ('178', 'Final Exam', 'FE: GVR', '30', 'JPD113');
INSERT INTO `GradeCategory` (`gradeCategoryId`, `gradeCategoryName`, `gradeItemName`, `weight`, `courseId`) VALUES ('179', 'Final Exam', 'Total', '40', 'JPD113');
INSERT INTO `GradeCategory` (`gradeCategoryId`, `gradeCategoryName`, `gradeItemName`, `weight`, `courseId`) VALUES ('180', 'Final Exam Resit', 'FE: Listening Resit', '10', 'JPD113');
INSERT INTO `GradeCategory` (`gradeCategoryId`, `gradeCategoryName`, `gradeItemName`, `weight`, `courseId`) VALUES ('181', 'Final Exam Resit', 'FE: GVR Resit', '30', 'JPD113');
INSERT INTO `GradeCategory` (`gradeCategoryId`, `gradeCategoryName`, `gradeItemName`, `weight`, `courseId`) VALUES ('182', 'Final Exam Resit', 'Total', '40', 'JPD113');
INSERT INTO `GradeCategory` (`gradeCategoryId`, `gradeCategoryName`, `gradeItemName`, `weight`, `courseId`) VALUES ('183', 'Final Exam', 'Theory exam', '50', 'WED201c');
INSERT INTO `GradeCategory` (`gradeCategoryId`, `gradeCategoryName`, `gradeItemName`, `weight`, `courseId`) VALUES ('184', 'Final Exam', 'Pratice exam', '50', 'WED201c');
INSERT INTO `GradeCategory` (`gradeCategoryId`, `gradeCategoryName`, `gradeItemName`, `weight`, `courseId`) VALUES ('185', 'Final Exam Resit', 'Theory exam resit', '50', 'WED201c');
INSERT INTO `GradeCategory` (`gradeCategoryId`, `gradeCategoryName`, `gradeItemName`, `weight`, `courseId`) VALUES ('186', 'Final Exam Resit', 'Pratice exam resit', '50', 'WED201c');
INSERT INTO `GradeCategory` (`gradeCategoryId`, `gradeCategoryName`, `gradeItemName`, `weight`, `courseId`) VALUES ('187', 'Final Exam', 'Total', '100', 'WED201c');
INSERT INTO `GradeCategory` (`gradeCategoryId`, `gradeCategoryName`, `gradeItemName`, `weight`, `courseId`) VALUES ('188', 'Final Exam Resit', 'Total', '100', 'WED201c');
INSERT INTO `GradeCategory` (`gradeCategoryId`, `gradeCategoryName`, `gradeItemName`, `weight`, `courseId`) VALUES ('189', 'Participation', 'Participation', '10', 'JPD123');
INSERT INTO `GradeCategory` (`gradeCategoryId`, `gradeCategoryName`, `gradeItemName`, `weight`, `courseId`) VALUES ('190', 'Participation', 'Total', '10', 'JPD123');
INSERT INTO `GradeCategory` (`gradeCategoryId`, `gradeCategoryName`, `gradeItemName`, `weight`, `courseId`) VALUES ('191', 'Progress test', 'Progress test 1', '10', 'JPD123');
INSERT INTO `GradeCategory` (`gradeCategoryId`, `gradeCategoryName`, `gradeItemName`, `weight`, `courseId`) VALUES ('192', 'Progress test', 'Progress test 2', '10', 'JPD123');
INSERT INTO `GradeCategory` (`gradeCategoryId`, `gradeCategoryName`, `gradeItemName`, `weight`, `courseId`) VALUES ('193', 'Progress test', 'Total', '20', 'JPD123');
INSERT INTO `GradeCategory` (`gradeCategoryId`, `gradeCategoryName`, `gradeItemName`, `weight`, `courseId`) VALUES ('194', 'Mid-term test', 'Mid-term test', '30', 'JPD123');
INSERT INTO `GradeCategory` (`gradeCategoryId`, `gradeCategoryName`, `gradeItemName`, `weight`, `courseId`) VALUES ('195', 'Mid-term test', 'Total', '30', 'JPD123');
INSERT INTO `GradeCategory` (`gradeCategoryId`, `gradeCategoryName`, `gradeItemName`, `weight`, `courseId`) VALUES ('196', 'Final Exam', 'FE: Listening', '10', 'JPD123');
INSERT INTO `GradeCategory` (`gradeCategoryId`, `gradeCategoryName`, `gradeItemName`, `weight`, `courseId`) VALUES ('197', 'Final Exam', 'FE: GVR', '30', 'JPD123');
INSERT INTO `GradeCategory` (`gradeCategoryId`, `gradeCategoryName`, `gradeItemName`, `weight`, `courseId`) VALUES ('198', 'Final Exam', 'Total', '40', 'JPD123');
INSERT INTO `GradeCategory` (`gradeCategoryId`, `gradeCategoryName`, `gradeItemName`, `weight`, `courseId`) VALUES ('199', 'Final Exam Resit', 'FE: Listening Resit', '10', 'JPD123');
INSERT INTO `GradeCategory` (`gradeCategoryId`, `gradeCategoryName`, `gradeItemName`, `weight`, `courseId`) VALUES ('200', 'Final Exam Resit', 'FE: GVR Resit', '30', 'JPD123');
INSERT INTO `GradeCategory` (`gradeCategoryId`, `gradeCategoryName`, `gradeItemName`, `weight`, `courseId`) VALUES ('201', 'Final Exam Resit', 'Total', '40', 'JPD123');
INSERT INTO `GradeCategory` (`gradeCategoryId`, `gradeCategoryName`, `gradeItemName`, `weight`, `courseId`) VALUES ('202', 'Computer Project', 'Computer Project', '15', 'MAS291');
INSERT INTO `GradeCategory` (`gradeCategoryId`, `gradeCategoryName`, `gradeItemName`, `weight`, `courseId`) VALUES ('203', 'Computer Project', 'Total', '15', 'MAS291');
INSERT INTO `GradeCategory` (`gradeCategoryId`, `gradeCategoryName`, `gradeItemName`, `weight`, `courseId`) VALUES ('204', 'Assignment', 'Assignment 1', '10', 'MAS291');
INSERT INTO `GradeCategory` (`gradeCategoryId`, `gradeCategoryName`, `gradeItemName`, `weight`, `courseId`) VALUES ('205', 'Assignment', 'Assignment 2', '10', 'MAS291');
INSERT INTO `GradeCategory` (`gradeCategoryId`, `gradeCategoryName`, `gradeItemName`, `weight`, `courseId`) VALUES ('206', 'Assignment', 'Total', '20', 'MAS291');
INSERT INTO `GradeCategory` (`gradeCategoryId`, `gradeCategoryName`, `gradeItemName`, `weight`, `courseId`) VALUES ('207', 'Progress Test', 'Progress Test 1', '10', 'MAS291');
INSERT INTO `GradeCategory` (`gradeCategoryId`, `gradeCategoryName`, `gradeItemName`, `weight`, `courseId`) VALUES ('208', 'Progress Test', 'Progress Test 2', '10', 'MAS291');
INSERT INTO `GradeCategory` (`gradeCategoryId`, `gradeCategoryName`, `gradeItemName`, `weight`, `courseId`) VALUES ('209', 'Progress Test', 'Progress Test 3', '10', 'MAS291');
INSERT INTO `GradeCategory` (`gradeCategoryId`, `gradeCategoryName`, `gradeItemName`, `weight`, `courseId`) VALUES ('210', 'Progress Test', 'Total', '30', 'MAS291');
INSERT INTO `GradeCategory` (`gradeCategoryId`, `gradeCategoryName`, `gradeItemName`, `weight`, `courseId`) VALUES ('211', 'Final Exam', 'Final Exam', '35', 'MAS291');
INSERT INTO `GradeCategory` (`gradeCategoryId`, `gradeCategoryName`, `gradeItemName`, `weight`, `courseId`) VALUES ('212', 'Final Exam', 'Total', '35', 'MAS291');
INSERT INTO `GradeCategory` (`gradeCategoryId`, `gradeCategoryName`, `gradeItemName`, `weight`, `courseId`) VALUES ('213', 'Final Exam Resit', 'Final Exam Resit', '35', 'MAS291');
INSERT INTO `GradeCategory` (`gradeCategoryId`, `gradeCategoryName`, `gradeItemName`, `weight`, `courseId`) VALUES ('214', 'Final Exam Resit', 'Total', '35', 'MAS291');
INSERT INTO `GradeCategory` (`gradeCategoryId`, `gradeCategoryName`, `gradeItemName`, `weight`, `courseId`) VALUES ('215', 'Progress test 1', 'Progress test 1', '5', 'PRJ301');
INSERT INTO `GradeCategory` (`gradeCategoryId`, `gradeCategoryName`, `gradeItemName`, `weight`, `courseId`) VALUES ('216', 'Progress test 1', 'Total', '5', 'PRJ301');
INSERT INTO `GradeCategory` (`gradeCategoryId`, `gradeCategoryName`, `gradeItemName`, `weight`, `courseId`) VALUES ('217', 'Progress test 2', 'Progress test 2', '5', 'PRJ301');
INSERT INTO `GradeCategory` (`gradeCategoryId`, `gradeCategoryName`, `gradeItemName`, `weight`, `courseId`) VALUES ('218', 'Progress test 2', 'Total', '5', 'PRJ301');
INSERT INTO `GradeCategory` (`gradeCategoryId`, `gradeCategoryName`, `gradeItemName`, `weight`, `courseId`) VALUES ('219', 'Workshop 1', 'Total', '5', 'PRJ301');
INSERT INTO `GradeCategory` (`gradeCategoryId`, `gradeCategoryName`, `gradeItemName`, `weight`, `courseId`) VALUES ('220', 'Workshop 1', 'Workshop 1', '5', 'PRJ301');
INSERT INTO `GradeCategory` (`gradeCategoryId`, `gradeCategoryName`, `gradeItemName`, `weight`, `courseId`) VALUES ('221', 'Workshop 2', 'Total', '5', 'PRJ301');
INSERT INTO `GradeCategory` (`gradeCategoryId`, `gradeCategoryName`, `gradeItemName`, `weight`, `courseId`) VALUES ('222', 'Workshop 2', 'Workshop 2', '5', 'PRJ301');
INSERT INTO `GradeCategory` (`gradeCategoryId`, `gradeCategoryName`, `gradeItemName`, `weight`, `courseId`) VALUES ('223', 'Practical Exam', 'Practical Exam', '20', 'PRJ301');
INSERT INTO `GradeCategory` (`gradeCategoryId`, `gradeCategoryName`, `gradeItemName`, `weight`, `courseId`) VALUES ('224', 'Practical Exam', 'Total', '20', 'PRJ301');
INSERT INTO `GradeCategory` (`gradeCategoryId`, `gradeCategoryName`, `gradeItemName`, `weight`, `courseId`) VALUES ('225', 'Assignment', 'Assignment', '40', 'PRJ301');
INSERT INTO `GradeCategory` (`gradeCategoryId`, `gradeCategoryName`, `gradeItemName`, `weight`, `courseId`) VALUES ('226', 'Assignment', 'Total', '40', 'PRJ301');
INSERT INTO `GradeCategory` (`gradeCategoryId`, `gradeCategoryName`, `gradeItemName`, `weight`, `courseId`) VALUES ('227', 'Final Exam', 'Final Exam', '20', 'PRJ301');
INSERT INTO `GradeCategory` (`gradeCategoryId`, `gradeCategoryName`, `gradeItemName`, `weight`, `courseId`) VALUES ('228', 'Final Exam', 'Total', '20', 'PRJ301');
INSERT INTO `GradeCategory` (`gradeCategoryId`, `gradeCategoryName`, `gradeItemName`, `weight`, `courseId`) VALUES ('229', 'Final Exam Resit', 'Final Exam Resit', '20', 'PRJ301');
INSERT INTO `GradeCategory` (`gradeCategoryId`, `gradeCategoryName`, `gradeItemName`, `weight`, `courseId`) VALUES ('230', 'Final Exam Resit', 'Total', '20', 'PRJ301');
INSERT INTO `GradeCategory` (`gradeCategoryId`, `gradeCategoryName`, `gradeItemName`, `weight`, `courseId`) VALUES ('231', 'Presentation', 'Presentation', '10', 'IOT102');
INSERT INTO `GradeCategory` (`gradeCategoryId`, `gradeCategoryName`, `gradeItemName`, `weight`, `courseId`) VALUES ('232', 'Presentation', 'Total', '10', 'IOT102');
INSERT INTO `GradeCategory` (`gradeCategoryId`, `gradeCategoryName`, `gradeItemName`, `weight`, `courseId`) VALUES ('233', 'Exercise', 'Exercise 1', '5', 'IOT102');
INSERT INTO `GradeCategory` (`gradeCategoryId`, `gradeCategoryName`, `gradeItemName`, `weight`, `courseId`) VALUES ('234', 'Exercise', 'Exercise 2', '5', 'IOT102');
INSERT INTO `GradeCategory` (`gradeCategoryId`, `gradeCategoryName`, `gradeItemName`, `weight`, `courseId`) VALUES ('235', 'Exercise', 'Total', '10', 'IOT102');
INSERT INTO `GradeCategory` (`gradeCategoryId`, `gradeCategoryName`, `gradeItemName`, `weight`, `courseId`) VALUES ('236', 'Project', 'Project', '30', 'IOT102');
INSERT INTO `GradeCategory` (`gradeCategoryId`, `gradeCategoryName`, `gradeItemName`, `weight`, `courseId`) VALUES ('237', 'Project', 'Total', '30', 'IOT102');
INSERT INTO `GradeCategory` (`gradeCategoryId`, `gradeCategoryName`, `gradeItemName`, `weight`, `courseId`) VALUES ('238', 'Active learning', 'Active learning', '10', 'IOT102');
INSERT INTO `GradeCategory` (`gradeCategoryId`, `gradeCategoryName`, `gradeItemName`, `weight`, `courseId`) VALUES ('239', 'Active learning', 'Total', '10', 'IOT102');
INSERT INTO `GradeCategory` (`gradeCategoryId`, `gradeCategoryName`, `gradeItemName`, `weight`, `courseId`) VALUES ('240', 'Final Exam', 'Final Exam', '40', 'IOT102');
INSERT INTO `GradeCategory` (`gradeCategoryId`, `gradeCategoryName`, `gradeItemName`, `weight`, `courseId`) VALUES ('241', 'Final Exam', 'Total', '40', 'IOT102');
INSERT INTO `GradeCategory` (`gradeCategoryId`, `gradeCategoryName`, `gradeItemName`, `weight`, `courseId`) VALUES ('242', 'Final Exam Resit', 'Final Exam Resit', '40', 'IOT102');
INSERT INTO `GradeCategory` (`gradeCategoryId`, `gradeCategoryName`, `gradeItemName`, `weight`, `courseId`) VALUES ('243', 'Final Exam Resit', 'Total', '40', 'IOT102');

-- All Participated Group of a student
 
INSERT INTO Participate (studentId, groupId) VALUES ('HE150057', 20);
INSERT INTO Participate (studentId, groupId) VALUES ('HE151095', 20);
INSERT INTO Participate (studentId, groupId) VALUES ('HE153206', 20);
INSERT INTO Participate (studentId, groupId) VALUES ('HE160694', 20);
INSERT INTO Participate (studentId, groupId) VALUES ('HE161357', 20);
INSERT INTO Participate (studentId, groupId) VALUES ('HE161795', 20);
INSERT INTO Participate (studentId, groupId) VALUES ('HE163146', 20);
INSERT INTO Participate (studentId, groupId) VALUES ('HE164035', 20);
INSERT INTO Participate (studentId, groupId) VALUES ('HE170051', 20);
INSERT INTO Participate (studentId, groupId) VALUES ('HE170245', 20);
INSERT INTO Participate (studentId, groupId) VALUES ('HE170422', 20);
INSERT INTO Participate (studentId, groupId) VALUES ('HE170428', 20);
INSERT INTO Participate (studentId, groupId) VALUES ('HE170444', 20);
INSERT INTO Participate (studentId, groupId) VALUES ('HE170533', 20);
INSERT INTO Participate (studentId, groupId) VALUES ('HE170842', 20);
INSERT INTO Participate (studentId, groupId) VALUES ('HE170863', 20);
INSERT INTO Participate (studentId, groupId) VALUES ('HE170907', 20);
INSERT INTO Participate (studentId, groupId) VALUES ('HE170996', 20);
INSERT INTO Participate (studentId, groupId) VALUES ('HE171071', 20);
INSERT INTO Participate (studentId, groupId) VALUES ('HE171073', 20);
INSERT INTO Participate (studentId, groupId) VALUES ('HE171162', 20);
INSERT INTO Participate (studentId, groupId) VALUES ('HE171442', 20);
INSERT INTO Participate (studentId, groupId) VALUES ('HE171482', 20);
INSERT INTO Participate (studentId, groupId) VALUES ('HE171578', 20);
INSERT INTO Participate (studentId, groupId) VALUES ('HE171687', 20);
INSERT INTO Participate (studentId, groupId) VALUES ('HE171851', 20);
INSERT INTO Participate (studentId, groupId) VALUES ('HE171865', 20);
INSERT INTO Participate (studentId, groupId) VALUES ('HE176182', 20);
INSERT INTO Participate (studentId, groupId) VALUES ('HE176697', 20);
INSERT INTO Participate (studentId, groupId) VALUES ('HE176751', 20);
INSERT INTO Participate (studentId, groupId) VALUES ('SE03520', 20);
INSERT INTO Participate (studentId, groupId) VALUES ('SE04495', 20);

 
-- INSERT INTO Participate (studentId, groupId) VALUES ('HE150057', 21);
INSERT INTO Participate (studentId, groupId) VALUES ('HE151095', 21);
INSERT INTO Participate (studentId, groupId) VALUES ('HE153206', 21);
INSERT INTO Participate (studentId, groupId) VALUES ('HE160694', 21);
INSERT INTO Participate (studentId, groupId) VALUES ('HE161357', 21);
INSERT INTO Participate (studentId, groupId) VALUES ('HE161795', 21);
INSERT INTO Participate (studentId, groupId) VALUES ('HE163146', 21);
INSERT INTO Participate (studentId, groupId) VALUES ('HE164035', 21);
INSERT INTO Participate (studentId, groupId) VALUES ('HE170051', 21);
INSERT INTO Participate (studentId, groupId) VALUES ('HE170245', 21);
INSERT INTO Participate (studentId, groupId) VALUES ('HE170422', 21);
INSERT INTO Participate (studentId, groupId) VALUES ('HE170428', 21);
INSERT INTO Participate (studentId, groupId) VALUES ('HE170444', 21);
INSERT INTO Participate (studentId, groupId) VALUES ('HE170533', 21);
INSERT INTO Participate (studentId, groupId) VALUES ('HE170842', 21);
INSERT INTO Participate (studentId, groupId) VALUES ('HE170863', 21);
INSERT INTO Participate (studentId, groupId) VALUES ('HE170907', 21);
INSERT INTO Participate (studentId, groupId) VALUES ('HE170996', 21);
INSERT INTO Participate (studentId, groupId) VALUES ('HE171071', 21);
INSERT INTO Participate (studentId, groupId) VALUES ('HE171073', 21);
INSERT INTO Participate (studentId, groupId) VALUES ('HE171162', 21);
INSERT INTO Participate (studentId, groupId) VALUES ('HE171442', 21);
INSERT INTO Participate (studentId, groupId) VALUES ('HE171482', 21);
INSERT INTO Participate (studentId, groupId) VALUES ('HE171578', 21);
INSERT INTO Participate (studentId, groupId) VALUES ('HE171687', 21);
INSERT INTO Participate (studentId, groupId) VALUES ('HE171851', 21);
INSERT INTO Participate (studentId, groupId) VALUES ('HE171865', 21);
INSERT INTO Participate (studentId, groupId) VALUES ('HE176182', 21);
INSERT INTO Participate (studentId, groupId) VALUES ('HE176697', 21);
INSERT INTO Participate (studentId, groupId) VALUES ('HE176751', 21);
INSERT INTO Participate (studentId, groupId) VALUES ('SE03520', 21);
INSERT INTO Participate (studentId, groupId) VALUES ('SE04495', 21);

 
INSERT INTO Participate (studentId, groupId) VALUES ('HE150057', 21);
INSERT INTO Participate (studentId, groupId) VALUES ('HE151095', 22);
INSERT INTO Participate (studentId, groupId) VALUES ('HE153206', 22);
INSERT INTO Participate (studentId, groupId) VALUES ('HE160694', 22);
INSERT INTO Participate (studentId, groupId) VALUES ('HE161357', 22);
INSERT INTO Participate (studentId, groupId) VALUES ('HE161795', 22);
INSERT INTO Participate (studentId, groupId) VALUES ('HE163146', 22);
INSERT INTO Participate (studentId, groupId) VALUES ('HE164035', 22);
INSERT INTO Participate (studentId, groupId) VALUES ('HE170051', 22);
INSERT INTO Participate (studentId, groupId) VALUES ('HE170245', 22);
INSERT INTO Participate (studentId, groupId) VALUES ('HE170422', 22);
INSERT INTO Participate (studentId, groupId) VALUES ('HE170428', 22);
INSERT INTO Participate (studentId, groupId) VALUES ('HE170444', 22);
INSERT INTO Participate (studentId, groupId) VALUES ('HE170533', 22);
INSERT INTO Participate (studentId, groupId) VALUES ('HE170842', 22);
INSERT INTO Participate (studentId, groupId) VALUES ('HE170863', 22);
INSERT INTO Participate (studentId, groupId) VALUES ('HE170907', 22);
INSERT INTO Participate (studentId, groupId) VALUES ('HE170996', 22);
INSERT INTO Participate (studentId, groupId) VALUES ('HE171071', 22);
INSERT INTO Participate (studentId, groupId) VALUES ('HE171073', 22);
INSERT INTO Participate (studentId, groupId) VALUES ('HE171162', 22);
INSERT INTO Participate (studentId, groupId) VALUES ('HE171442', 22);
INSERT INTO Participate (studentId, groupId) VALUES ('HE171482', 22);
INSERT INTO Participate (studentId, groupId) VALUES ('HE171578', 22);
INSERT INTO Participate (studentId, groupId) VALUES ('HE171687', 22);
INSERT INTO Participate (studentId, groupId) VALUES ('HE171851', 22);
INSERT INTO Participate (studentId, groupId) VALUES ('HE171865', 22);
INSERT INTO Participate (studentId, groupId) VALUES ('HE176182', 22);
INSERT INTO Participate (studentId, groupId) VALUES ('HE176697', 22);
INSERT INTO Participate (studentId, groupId) VALUES ('HE176751', 22);
INSERT INTO Participate (studentId, groupId) VALUES ('SE03520', 22);
INSERT INTO Participate (studentId, groupId) VALUES ('SE04495', 22);
 
INSERT INTO Participate (studentId, groupId) VALUES ('HE150057', 23);
INSERT INTO Participate (studentId, groupId) VALUES ('HE151095', 23);
INSERT INTO Participate (studentId, groupId) VALUES ('HE153206', 23);
INSERT INTO Participate (studentId, groupId) VALUES ('HE160694', 23);
INSERT INTO Participate (studentId, groupId) VALUES ('HE161357', 23);
INSERT INTO Participate (studentId, groupId) VALUES ('HE161795', 23);
INSERT INTO Participate (studentId, groupId) VALUES ('HE163146', 23);
INSERT INTO Participate (studentId, groupId) VALUES ('HE164035', 23);
INSERT INTO Participate (studentId, groupId) VALUES ('HE170051', 23);
INSERT INTO Participate (studentId, groupId) VALUES ('HE170245', 23);
INSERT INTO Participate (studentId, groupId) VALUES ('HE170422', 23);
INSERT INTO Participate (studentId, groupId) VALUES ('HE170428', 23);
INSERT INTO Participate (studentId, groupId) VALUES ('HE170444', 23);
INSERT INTO Participate (studentId, groupId) VALUES ('HE170533', 23);
INSERT INTO Participate (studentId, groupId) VALUES ('HE170842', 23);
INSERT INTO Participate (studentId, groupId) VALUES ('HE170863', 23);
INSERT INTO Participate (studentId, groupId) VALUES ('HE170907', 23);
INSERT INTO Participate (studentId, groupId) VALUES ('HE170996', 23);
INSERT INTO Participate (studentId, groupId) VALUES ('HE171071', 23);
INSERT INTO Participate (studentId, groupId) VALUES ('HE171073', 23);
INSERT INTO Participate (studentId, groupId) VALUES ('HE171162', 23);
INSERT INTO Participate (studentId, groupId) VALUES ('HE171442', 23);
INSERT INTO Participate (studentId, groupId) VALUES ('HE171482', 23);
INSERT INTO Participate (studentId, groupId) VALUES ('HE171578', 23);
INSERT INTO Participate (studentId, groupId) VALUES ('HE171687', 23);
INSERT INTO Participate (studentId, groupId) VALUES ('HE171851', 23);
INSERT INTO Participate (studentId, groupId) VALUES ('HE171865', 23);
INSERT INTO Participate (studentId, groupId) VALUES ('HE176182', 23);
INSERT INTO Participate (studentId, groupId) VALUES ('HE176697', 23);
INSERT INTO Participate (studentId, groupId) VALUES ('HE176751', 23);
INSERT INTO Participate (studentId, groupId) VALUES ('SE03520', 23);
INSERT INTO Participate (studentId, groupId) VALUES ('SE04495', 23);

INSERT INTO Participate (studentId, groupId) VALUES ('HE150057', 24);
INSERT INTO Participate (studentId, groupId) VALUES ('HE151095', 24);
INSERT INTO Participate (studentId, groupId) VALUES ('HE153206', 24);
INSERT INTO Participate (studentId, groupId) VALUES ('HE160694', 24);
INSERT INTO Participate (studentId, groupId) VALUES ('HE161357', 24);
INSERT INTO Participate (studentId, groupId) VALUES ('HE161795', 24);
INSERT INTO Participate (studentId, groupId) VALUES ('HE163146', 24);
INSERT INTO Participate (studentId, groupId) VALUES ('HE164035', 24);
INSERT INTO Participate (studentId, groupId) VALUES ('HE170051', 24);
INSERT INTO Participate (studentId, groupId) VALUES ('HE170245', 24);
INSERT INTO Participate (studentId, groupId) VALUES ('HE170422', 24);
INSERT INTO Participate (studentId, groupId) VALUES ('HE170428', 24);
INSERT INTO Participate (studentId, groupId) VALUES ('HE170444', 24);
INSERT INTO Participate (studentId, groupId) VALUES ('HE170533', 24);
INSERT INTO Participate (studentId, groupId) VALUES ('HE170842', 24);
INSERT INTO Participate (studentId, groupId) VALUES ('HE170863', 24);
INSERT INTO Participate (studentId, groupId) VALUES ('HE170907', 24);
INSERT INTO Participate (studentId, groupId) VALUES ('HE170996', 24);
INSERT INTO Participate (studentId, groupId) VALUES ('HE171071', 24);
INSERT INTO Participate (studentId, groupId) VALUES ('HE171073', 24);
INSERT INTO Participate (studentId, groupId) VALUES ('HE171162', 24);
INSERT INTO Participate (studentId, groupId) VALUES ('HE171442', 24);
INSERT INTO Participate (studentId, groupId) VALUES ('HE171482', 24);
INSERT INTO Participate (studentId, groupId) VALUES ('HE171578', 24);
INSERT INTO Participate (studentId, groupId) VALUES ('HE171687', 24);
INSERT INTO Participate (studentId, groupId) VALUES ('HE171851', 24);
INSERT INTO Participate (studentId, groupId) VALUES ('HE171865', 24);
INSERT INTO Participate (studentId, groupId) VALUES ('HE176182', 24);
INSERT INTO Participate (studentId, groupId) VALUES ('HE176697', 24);
INSERT INTO Participate (studentId, groupId) VALUES ('HE176751', 24);
INSERT INTO Participate (studentId, groupId) VALUES ('SE03520', 24);
INSERT INTO Participate (studentId, groupId) VALUES ('SE04495', 24);

INSERT INTO Participate (studentId, groupId) VALUES ('HE150057', 25);
INSERT INTO Participate (studentId, groupId) VALUES ('HE151095', 25);
INSERT INTO Participate (studentId, groupId) VALUES ('HE153206', 25);
INSERT INTO Participate (studentId, groupId) VALUES ('HE160694', 25);
INSERT INTO Participate (studentId, groupId) VALUES ('HE161357', 25);
INSERT INTO Participate (studentId, groupId) VALUES ('HE161795', 25);
INSERT INTO Participate (studentId, groupId) VALUES ('HE163146', 25);
INSERT INTO Participate (studentId, groupId) VALUES ('HE164035', 25);
INSERT INTO Participate (studentId, groupId) VALUES ('HE170051', 25);
INSERT INTO Participate (studentId, groupId) VALUES ('HE170245', 25);
INSERT INTO Participate (studentId, groupId) VALUES ('HE170422', 25);
INSERT INTO Participate (studentId, groupId) VALUES ('HE170428', 25);
INSERT INTO Participate (studentId, groupId) VALUES ('HE170444', 25);
INSERT INTO Participate (studentId, groupId) VALUES ('HE170533', 25);
INSERT INTO Participate (studentId, groupId) VALUES ('HE170842', 25);
INSERT INTO Participate (studentId, groupId) VALUES ('HE170863', 25);
INSERT INTO Participate (studentId, groupId) VALUES ('HE170907', 25);
INSERT INTO Participate (studentId, groupId) VALUES ('HE170996', 25);
INSERT INTO Participate (studentId, groupId) VALUES ('HE171071', 25);
INSERT INTO Participate (studentId, groupId) VALUES ('HE171073', 25);
INSERT INTO Participate (studentId, groupId) VALUES ('HE171162', 25);
INSERT INTO Participate (studentId, groupId) VALUES ('HE171442', 25);
INSERT INTO Participate (studentId, groupId) VALUES ('HE171482', 25);
INSERT INTO Participate (studentId, groupId) VALUES ('HE171578', 25);
INSERT INTO Participate (studentId, groupId) VALUES ('HE171687', 25);
INSERT INTO Participate (studentId, groupId) VALUES ('HE171851', 25);
INSERT INTO Participate (studentId, groupId) VALUES ('HE171865', 25);
INSERT INTO Participate (studentId, groupId) VALUES ('HE176182', 25);
INSERT INTO Participate (studentId, groupId) VALUES ('HE176697', 25);
INSERT INTO Participate (studentId, groupId) VALUES ('HE176751', 25);
INSERT INTO Participate (studentId, groupId) VALUES ('SE03520', 25);
INSERT INTO Participate (studentId, groupId) VALUES ('SE04495', 25);

INSERT INTO Participate (studentId, groupId) VALUES ('HE150057', 26);
INSERT INTO Participate (studentId, groupId) VALUES ('HE151095', 26);
INSERT INTO Participate (studentId, groupId) VALUES ('HE153206', 26);
INSERT INTO Participate (studentId, groupId) VALUES ('HE160694', 26);
INSERT INTO Participate (studentId, groupId) VALUES ('HE161357', 26);
INSERT INTO Participate (studentId, groupId) VALUES ('HE161795', 26);
INSERT INTO Participate (studentId, groupId) VALUES ('HE163146', 26);
INSERT INTO Participate (studentId, groupId) VALUES ('HE164035', 26);
INSERT INTO Participate (studentId, groupId) VALUES ('HE170051', 26);
INSERT INTO Participate (studentId, groupId) VALUES ('HE170245', 26);
INSERT INTO Participate (studentId, groupId) VALUES ('HE170422', 26);
INSERT INTO Participate (studentId, groupId) VALUES ('HE170428', 26);
INSERT INTO Participate (studentId, groupId) VALUES ('HE170444', 26);
INSERT INTO Participate (studentId, groupId) VALUES ('HE170533', 26);
INSERT INTO Participate (studentId, groupId) VALUES ('HE170842', 26);
INSERT INTO Participate (studentId, groupId) VALUES ('HE170863', 26);
INSERT INTO Participate (studentId, groupId) VALUES ('HE170907', 26);
INSERT INTO Participate (studentId, groupId) VALUES ('HE170996', 26);
INSERT INTO Participate (studentId, groupId) VALUES ('HE171071', 26);
INSERT INTO Participate (studentId, groupId) VALUES ('HE171073', 26);
INSERT INTO Participate (studentId, groupId) VALUES ('HE171162', 26);
INSERT INTO Participate (studentId, groupId) VALUES ('HE171442', 26);
INSERT INTO Participate (studentId, groupId) VALUES ('HE171482', 26);
INSERT INTO Participate (studentId, groupId) VALUES ('HE171578', 26);
INSERT INTO Participate (studentId, groupId) VALUES ('HE171687', 26);
INSERT INTO Participate (studentId, groupId) VALUES ('HE171851', 26);
INSERT INTO Participate (studentId, groupId) VALUES ('HE171865', 26);
INSERT INTO Participate (studentId, groupId) VALUES ('HE176182', 26);
INSERT INTO Participate (studentId, groupId) VALUES ('HE176697', 26);
INSERT INTO Participate (studentId, groupId) VALUES ('HE176751', 26);
INSERT INTO Participate (studentId, groupId) VALUES ('SE03520', 26);
INSERT INTO Participate (studentId, groupId) VALUES ('SE04495', 26);

INSERT INTO Participate (studentId, groupId) VALUES ('HE150057', 27);
INSERT INTO Participate (studentId, groupId) VALUES ('HE151095', 27);
INSERT INTO Participate (studentId, groupId) VALUES ('HE153206', 27);
INSERT INTO Participate (studentId, groupId) VALUES ('HE160694', 27);
INSERT INTO Participate (studentId, groupId) VALUES ('HE161357', 27);
INSERT INTO Participate (studentId, groupId) VALUES ('HE161795', 27);
INSERT INTO Participate (studentId, groupId) VALUES ('HE163146', 27);
INSERT INTO Participate (studentId, groupId) VALUES ('HE164035', 27);
INSERT INTO Participate (studentId, groupId) VALUES ('HE170051', 27);
INSERT INTO Participate (studentId, groupId) VALUES ('HE170245', 27);
INSERT INTO Participate (studentId, groupId) VALUES ('HE170422', 27);
INSERT INTO Participate (studentId, groupId) VALUES ('HE170428', 27);
INSERT INTO Participate (studentId, groupId) VALUES ('HE170444', 27);
INSERT INTO Participate (studentId, groupId) VALUES ('HE170533', 27);
INSERT INTO Participate (studentId, groupId) VALUES ('HE170842', 27);
INSERT INTO Participate (studentId, groupId) VALUES ('HE170863', 27);
INSERT INTO Participate (studentId, groupId) VALUES ('HE170907', 27);
INSERT INTO Participate (studentId, groupId) VALUES ('HE170996', 27);
INSERT INTO Participate (studentId, groupId) VALUES ('HE171071', 27);
INSERT INTO Participate (studentId, groupId) VALUES ('HE171073', 27);
INSERT INTO Participate (studentId, groupId) VALUES ('HE171162', 27);
INSERT INTO Participate (studentId, groupId) VALUES ('HE171442', 27);
INSERT INTO Participate (studentId, groupId) VALUES ('HE171482', 27);
INSERT INTO Participate (studentId, groupId) VALUES ('HE171578', 27);
INSERT INTO Participate (studentId, groupId) VALUES ('HE171687', 27);
INSERT INTO Participate (studentId, groupId) VALUES ('HE171851', 27);
INSERT INTO Participate (studentId, groupId) VALUES ('HE171865', 27);
INSERT INTO Participate (studentId, groupId) VALUES ('HE176182', 27);
INSERT INTO Participate (studentId, groupId) VALUES ('HE176697', 27);
INSERT INTO Participate (studentId, groupId) VALUES ('HE176751', 27);
INSERT INTO Participate (studentId, groupId) VALUES ('SE03520', 27);
INSERT INTO Participate (studentId, groupId) VALUES ('SE04495', 27);

INSERT INTO Participate (studentId, groupId) VALUES ('HE150057', 28);
INSERT INTO Participate (studentId, groupId) VALUES ('HE151095', 28);
INSERT INTO Participate (studentId, groupId) VALUES ('HE153206', 28);
INSERT INTO Participate (studentId, groupId) VALUES ('HE160694', 28);
INSERT INTO Participate (studentId, groupId) VALUES ('HE161357', 28);
INSERT INTO Participate (studentId, groupId) VALUES ('HE161795', 28);
INSERT INTO Participate (studentId, groupId) VALUES ('HE163146', 28);
INSERT INTO Participate (studentId, groupId) VALUES ('HE164035', 28);
INSERT INTO Participate (studentId, groupId) VALUES ('HE170051', 28);
INSERT INTO Participate (studentId, groupId) VALUES ('HE170245', 28);
INSERT INTO Participate (studentId, groupId) VALUES ('HE170422', 28);
INSERT INTO Participate (studentId, groupId) VALUES ('HE170428', 28);
INSERT INTO Participate (studentId, groupId) VALUES ('HE170444', 28);
INSERT INTO Participate (studentId, groupId) VALUES ('HE170533', 28);
INSERT INTO Participate (studentId, groupId) VALUES ('HE170842', 28);
INSERT INTO Participate (studentId, groupId) VALUES ('HE170863', 28);
INSERT INTO Participate (studentId, groupId) VALUES ('HE170907', 28);
INSERT INTO Participate (studentId, groupId) VALUES ('HE170996', 28);
INSERT INTO Participate (studentId, groupId) VALUES ('HE171071', 28);
INSERT INTO Participate (studentId, groupId) VALUES ('HE171073', 28);
INSERT INTO Participate (studentId, groupId) VALUES ('HE171162', 28);
INSERT INTO Participate (studentId, groupId) VALUES ('HE171442', 28);
INSERT INTO Participate (studentId, groupId) VALUES ('HE171482', 28);
INSERT INTO Participate (studentId, groupId) VALUES ('HE171578', 28);
INSERT INTO Participate (studentId, groupId) VALUES ('HE171687', 28);
INSERT INTO Participate (studentId, groupId) VALUES ('HE171851', 28);
INSERT INTO Participate (studentId, groupId) VALUES ('HE171865', 28);
INSERT INTO Participate (studentId, groupId) VALUES ('HE176182', 28);
INSERT INTO Participate (studentId, groupId) VALUES ('HE176697', 28);
INSERT INTO Participate (studentId, groupId) VALUES ('HE176751', 28);
INSERT INTO Participate (studentId, groupId) VALUES ('SE03520', 28);
INSERT INTO Participate (studentId, groupId) VALUES ('SE04495', 28);

INSERT INTO Participate (studentId, groupId) VALUES ('HE150057', 29);
INSERT INTO Participate (studentId, groupId) VALUES ('HE151095', 29);
INSERT INTO Participate (studentId, groupId) VALUES ('HE153206', 29);
INSERT INTO Participate (studentId, groupId) VALUES ('HE160694', 29);
INSERT INTO Participate (studentId, groupId) VALUES ('HE161357', 29);
INSERT INTO Participate (studentId, groupId) VALUES ('HE161795', 29);
INSERT INTO Participate (studentId, groupId) VALUES ('HE163146', 29);
INSERT INTO Participate (studentId, groupId) VALUES ('HE164035', 29);
INSERT INTO Participate (studentId, groupId) VALUES ('HE170051', 29);
INSERT INTO Participate (studentId, groupId) VALUES ('HE170245', 29);
INSERT INTO Participate (studentId, groupId) VALUES ('HE170422', 29);
INSERT INTO Participate (studentId, groupId) VALUES ('HE170428', 29);
INSERT INTO Participate (studentId, groupId) VALUES ('HE170444', 29);
INSERT INTO Participate (studentId, groupId) VALUES ('HE170533', 29);
INSERT INTO Participate (studentId, groupId) VALUES ('HE170842', 29);
INSERT INTO Participate (studentId, groupId) VALUES ('HE170863', 29);
INSERT INTO Participate (studentId, groupId) VALUES ('HE170907', 29);
INSERT INTO Participate (studentId, groupId) VALUES ('HE170996', 29);
INSERT INTO Participate (studentId, groupId) VALUES ('HE171071', 29);
INSERT INTO Participate (studentId, groupId) VALUES ('HE171073', 29);
INSERT INTO Participate (studentId, groupId) VALUES ('HE171162', 29);
INSERT INTO Participate (studentId, groupId) VALUES ('HE171442', 29);
INSERT INTO Participate (studentId, groupId) VALUES ('HE171482', 29);
INSERT INTO Participate (studentId, groupId) VALUES ('HE171578', 29);
INSERT INTO Participate (studentId, groupId) VALUES ('HE171687', 29);
INSERT INTO Participate (studentId, groupId) VALUES ('HE171851', 29);
INSERT INTO Participate (studentId, groupId) VALUES ('HE171865', 29);
INSERT INTO Participate (studentId, groupId) VALUES ('HE176182', 29);
INSERT INTO Participate (studentId, groupId) VALUES ('HE176697', 29);
INSERT INTO Participate (studentId, groupId) VALUES ('HE176751', 29);
INSERT INTO Participate (studentId, groupId) VALUES ('SE03520', 29);
INSERT INTO Participate (studentId, groupId) VALUES ('SE04495', 29);

INSERT INTO Participate (studentId, groupId) VALUES ('HE150057', 30);
INSERT INTO Participate (studentId, groupId) VALUES ('HE151095', 30);
INSERT INTO Participate (studentId, groupId) VALUES ('HE153206', 30);
INSERT INTO Participate (studentId, groupId) VALUES ('HE160694', 30);
INSERT INTO Participate (studentId, groupId) VALUES ('HE161357', 30);
INSERT INTO Participate (studentId, groupId) VALUES ('HE161795', 30);
INSERT INTO Participate (studentId, groupId) VALUES ('HE163146', 30);
INSERT INTO Participate (studentId, groupId) VALUES ('HE164035', 30);
INSERT INTO Participate (studentId, groupId) VALUES ('HE170051', 30);
INSERT INTO Participate (studentId, groupId) VALUES ('HE170245', 30);
INSERT INTO Participate (studentId, groupId) VALUES ('HE170422', 30);
INSERT INTO Participate (studentId, groupId) VALUES ('HE170428', 30);
INSERT INTO Participate (studentId, groupId) VALUES ('HE170444', 30);
INSERT INTO Participate (studentId, groupId) VALUES ('HE170533', 30);
INSERT INTO Participate (studentId, groupId) VALUES ('HE170842', 30);
INSERT INTO Participate (studentId, groupId) VALUES ('HE170863', 30);
INSERT INTO Participate (studentId, groupId) VALUES ('HE170907', 30);
INSERT INTO Participate (studentId, groupId) VALUES ('HE170996', 30);
INSERT INTO Participate (studentId, groupId) VALUES ('HE171071', 30);
INSERT INTO Participate (studentId, groupId) VALUES ('HE171073', 30);
INSERT INTO Participate (studentId, groupId) VALUES ('HE171162', 30);
INSERT INTO Participate (studentId, groupId) VALUES ('HE171442', 30);
INSERT INTO Participate (studentId, groupId) VALUES ('HE171482', 30);
INSERT INTO Participate (studentId, groupId) VALUES ('HE171578', 30);
INSERT INTO Participate (studentId, groupId) VALUES ('HE171687', 30);
INSERT INTO Participate (studentId, groupId) VALUES ('HE171851', 30);
INSERT INTO Participate (studentId, groupId) VALUES ('HE171865', 30);
INSERT INTO Participate (studentId, groupId) VALUES ('HE176182', 30);
INSERT INTO Participate (studentId, groupId) VALUES ('HE176697', 30);
INSERT INTO Participate (studentId, groupId) VALUES ('HE176751', 30);
INSERT INTO Participate (studentId, groupId) VALUES ('SE03520', 30);
INSERT INTO Participate (studentId, groupId) VALUES ('SE04495', 30);

INSERT INTO Participate (studentId, groupId) VALUES ('HE150057', 31);
INSERT INTO Participate (studentId, groupId) VALUES ('HE151095', 31);
INSERT INTO Participate (studentId, groupId) VALUES ('HE153206', 31);
INSERT INTO Participate (studentId, groupId) VALUES ('HE160694', 31);
INSERT INTO Participate (studentId, groupId) VALUES ('HE161357', 31);
INSERT INTO Participate (studentId, groupId) VALUES ('HE161795', 31);
INSERT INTO Participate (studentId, groupId) VALUES ('HE163146', 31);
INSERT INTO Participate (studentId, groupId) VALUES ('HE164035', 31);
INSERT INTO Participate (studentId, groupId) VALUES ('HE170051', 31);
INSERT INTO Participate (studentId, groupId) VALUES ('HE170245', 31);
INSERT INTO Participate (studentId, groupId) VALUES ('HE170422', 31);
INSERT INTO Participate (studentId, groupId) VALUES ('HE170428', 31);
INSERT INTO Participate (studentId, groupId) VALUES ('HE170444', 31);
INSERT INTO Participate (studentId, groupId) VALUES ('HE170533', 31);
INSERT INTO Participate (studentId, groupId) VALUES ('HE170842', 31);
INSERT INTO Participate (studentId, groupId) VALUES ('HE170863', 31);
INSERT INTO Participate (studentId, groupId) VALUES ('HE170907', 31);
INSERT INTO Participate (studentId, groupId) VALUES ('HE170996', 31);
INSERT INTO Participate (studentId, groupId) VALUES ('HE171071', 31);
INSERT INTO Participate (studentId, groupId) VALUES ('HE171073', 31);
INSERT INTO Participate (studentId, groupId) VALUES ('HE171162', 31);
INSERT INTO Participate (studentId, groupId) VALUES ('HE171442', 31);
INSERT INTO Participate (studentId, groupId) VALUES ('HE171482', 31);
INSERT INTO Participate (studentId, groupId) VALUES ('HE171578', 31);
INSERT INTO Participate (studentId, groupId) VALUES ('HE171687', 31);
INSERT INTO Participate (studentId, groupId) VALUES ('HE171851', 31);
INSERT INTO Participate (studentId, groupId) VALUES ('HE171865', 31);
INSERT INTO Participate (studentId, groupId) VALUES ('HE176182', 31);
INSERT INTO Participate (studentId, groupId) VALUES ('HE176697', 31);
INSERT INTO Participate (studentId, groupId) VALUES ('HE176751', 31);
INSERT INTO Participate (studentId, groupId) VALUES ('SE03520', 31);
INSERT INTO Participate (studentId, groupId) VALUES ('SE04495', 31);

INSERT INTO Participate (studentId, groupId) VALUES ('HE150057', 32);
INSERT INTO Participate (studentId, groupId) VALUES ('HE151095', 32);
INSERT INTO Participate (studentId, groupId) VALUES ('HE153206', 32);
INSERT INTO Participate (studentId, groupId) VALUES ('HE160694', 32);
INSERT INTO Participate (studentId, groupId) VALUES ('HE161357', 32);
INSERT INTO Participate (studentId, groupId) VALUES ('HE161795', 32);
INSERT INTO Participate (studentId, groupId) VALUES ('HE163146', 32);
INSERT INTO Participate (studentId, groupId) VALUES ('HE164035', 32);
INSERT INTO Participate (studentId, groupId) VALUES ('HE170051', 32);
INSERT INTO Participate (studentId, groupId) VALUES ('HE170245', 32);
INSERT INTO Participate (studentId, groupId) VALUES ('HE170422', 32);
INSERT INTO Participate (studentId, groupId) VALUES ('HE170428', 32);
INSERT INTO Participate (studentId, groupId) VALUES ('HE170444', 32);
INSERT INTO Participate (studentId, groupId) VALUES ('HE170533', 32);
INSERT INTO Participate (studentId, groupId) VALUES ('HE170842', 32);
INSERT INTO Participate (studentId, groupId) VALUES ('HE170863', 32);
INSERT INTO Participate (studentId, groupId) VALUES ('HE170907', 32);
INSERT INTO Participate (studentId, groupId) VALUES ('HE170996', 32);
INSERT INTO Participate (studentId, groupId) VALUES ('HE171071', 32);
INSERT INTO Participate (studentId, groupId) VALUES ('HE171073', 32);
INSERT INTO Participate (studentId, groupId) VALUES ('HE171162', 32);
INSERT INTO Participate (studentId, groupId) VALUES ('HE171442', 32);
INSERT INTO Participate (studentId, groupId) VALUES ('HE171482', 32);
INSERT INTO Participate (studentId, groupId) VALUES ('HE171578', 32);
INSERT INTO Participate (studentId, groupId) VALUES ('HE171687', 32);
INSERT INTO Participate (studentId, groupId) VALUES ('HE171851', 32);
INSERT INTO Participate (studentId, groupId) VALUES ('HE171865', 32);
INSERT INTO Participate (studentId, groupId) VALUES ('HE176182', 32);
INSERT INTO Participate (studentId, groupId) VALUES ('HE176697', 32);
INSERT INTO Participate (studentId, groupId) VALUES ('HE176751', 32);
INSERT INTO Participate (studentId, groupId) VALUES ('SE03520', 32);
INSERT INTO Participate (studentId, groupId) VALUES ('SE04495', 32);

INSERT INTO Participate (studentId, groupId) VALUES ('HE150057', 33);
INSERT INTO Participate (studentId, groupId) VALUES ('HE151095', 33);
INSERT INTO Participate (studentId, groupId) VALUES ('HE153206', 33);
INSERT INTO Participate (studentId, groupId) VALUES ('HE160694', 33);
INSERT INTO Participate (studentId, groupId) VALUES ('HE161357', 33);
INSERT INTO Participate (studentId, groupId) VALUES ('HE161795', 33);
INSERT INTO Participate (studentId, groupId) VALUES ('HE163146', 33);
INSERT INTO Participate (studentId, groupId) VALUES ('HE164035', 33);
INSERT INTO Participate (studentId, groupId) VALUES ('HE170051', 33);
INSERT INTO Participate (studentId, groupId) VALUES ('HE170245', 33);
INSERT INTO Participate (studentId, groupId) VALUES ('HE170422', 33);
INSERT INTO Participate (studentId, groupId) VALUES ('HE170428', 33);
INSERT INTO Participate (studentId, groupId) VALUES ('HE170444', 33);
INSERT INTO Participate (studentId, groupId) VALUES ('HE170533', 33);
INSERT INTO Participate (studentId, groupId) VALUES ('HE170842', 33);
INSERT INTO Participate (studentId, groupId) VALUES ('HE170863', 33);
INSERT INTO Participate (studentId, groupId) VALUES ('HE170907', 33);
INSERT INTO Participate (studentId, groupId) VALUES ('HE170996', 33);
INSERT INTO Participate (studentId, groupId) VALUES ('HE171071', 33);
INSERT INTO Participate (studentId, groupId) VALUES ('HE171073', 33);
INSERT INTO Participate (studentId, groupId) VALUES ('HE171162', 33);
INSERT INTO Participate (studentId, groupId) VALUES ('HE171442', 33);
INSERT INTO Participate (studentId, groupId) VALUES ('HE171482', 33);
INSERT INTO Participate (studentId, groupId) VALUES ('HE171578', 33);
INSERT INTO Participate (studentId, groupId) VALUES ('HE171687', 33);
INSERT INTO Participate (studentId, groupId) VALUES ('HE171851', 33);
INSERT INTO Participate (studentId, groupId) VALUES ('HE171865', 33);
INSERT INTO Participate (studentId, groupId) VALUES ('HE176182', 33);
INSERT INTO Participate (studentId, groupId) VALUES ('HE176697', 33);
INSERT INTO Participate (studentId, groupId) VALUES ('HE176751', 33);
INSERT INTO Participate (studentId, groupId) VALUES ('SE03520', 33);
INSERT INTO Participate (studentId, groupId) VALUES ('SE04495', 33);

INSERT INTO Participate (studentId, groupId) VALUES ('HE150057', 34);
INSERT INTO Participate (studentId, groupId) VALUES ('HE151095', 34);
INSERT INTO Participate (studentId, groupId) VALUES ('HE153206', 34);
INSERT INTO Participate (studentId, groupId) VALUES ('HE160694', 34);
INSERT INTO Participate (studentId, groupId) VALUES ('HE161357', 34);
INSERT INTO Participate (studentId, groupId) VALUES ('HE161795', 34);
INSERT INTO Participate (studentId, groupId) VALUES ('HE163146', 34);
INSERT INTO Participate (studentId, groupId) VALUES ('HE164035', 34);
INSERT INTO Participate (studentId, groupId) VALUES ('HE170051', 34);
INSERT INTO Participate (studentId, groupId) VALUES ('HE170245', 34);
INSERT INTO Participate (studentId, groupId) VALUES ('HE170422', 34);
INSERT INTO Participate (studentId, groupId) VALUES ('HE170428', 34);
INSERT INTO Participate (studentId, groupId) VALUES ('HE170444', 34);
INSERT INTO Participate (studentId, groupId) VALUES ('HE170533', 34);
INSERT INTO Participate (studentId, groupId) VALUES ('HE170842', 34);
INSERT INTO Participate (studentId, groupId) VALUES ('HE170863', 34);
INSERT INTO Participate (studentId, groupId) VALUES ('HE170907', 34);
INSERT INTO Participate (studentId, groupId) VALUES ('HE170996', 34);
INSERT INTO Participate (studentId, groupId) VALUES ('HE171071', 34);
INSERT INTO Participate (studentId, groupId) VALUES ('HE171073', 34);
INSERT INTO Participate (studentId, groupId) VALUES ('HE171162', 34);
INSERT INTO Participate (studentId, groupId) VALUES ('HE171442', 34);
INSERT INTO Participate (studentId, groupId) VALUES ('HE171482', 34);
INSERT INTO Participate (studentId, groupId) VALUES ('HE171578', 34);
INSERT INTO Participate (studentId, groupId) VALUES ('HE171687', 34);
INSERT INTO Participate (studentId, groupId) VALUES ('HE171851', 34);
INSERT INTO Participate (studentId, groupId) VALUES ('HE171865', 34);
INSERT INTO Participate (studentId, groupId) VALUES ('HE176182', 34);
INSERT INTO Participate (studentId, groupId) VALUES ('HE176697', 34);
INSERT INTO Participate (studentId, groupId) VALUES ('HE176751', 34);
INSERT INTO Participate (studentId, groupId) VALUES ('SE03520', 34);
INSERT INTO Participate (studentId, groupId) VALUES ('SE04495', 34);

INSERT INTO Participate (studentId, groupId) VALUES ('HE150057', 35);
INSERT INTO Participate (studentId, groupId) VALUES ('HE151095', 35);
INSERT INTO Participate (studentId, groupId) VALUES ('HE153206', 35);
INSERT INTO Participate (studentId, groupId) VALUES ('HE160694', 35);
INSERT INTO Participate (studentId, groupId) VALUES ('HE161357', 35);
INSERT INTO Participate (studentId, groupId) VALUES ('HE161795', 35);
INSERT INTO Participate (studentId, groupId) VALUES ('HE163146', 35);
INSERT INTO Participate (studentId, groupId) VALUES ('HE164035', 35);
INSERT INTO Participate (studentId, groupId) VALUES ('HE170051', 35);
INSERT INTO Participate (studentId, groupId) VALUES ('HE170245', 35);
INSERT INTO Participate (studentId, groupId) VALUES ('HE170422', 35);
INSERT INTO Participate (studentId, groupId) VALUES ('HE170428', 35);
INSERT INTO Participate (studentId, groupId) VALUES ('HE170444', 35);
INSERT INTO Participate (studentId, groupId) VALUES ('HE170533', 35);
INSERT INTO Participate (studentId, groupId) VALUES ('HE170842', 35);
INSERT INTO Participate (studentId, groupId) VALUES ('HE170863', 35);
INSERT INTO Participate (studentId, groupId) VALUES ('HE170907', 35);
INSERT INTO Participate (studentId, groupId) VALUES ('HE170996', 35);
INSERT INTO Participate (studentId, groupId) VALUES ('HE171071', 35);
INSERT INTO Participate (studentId, groupId) VALUES ('HE171073', 35);
INSERT INTO Participate (studentId, groupId) VALUES ('HE171162', 35);
INSERT INTO Participate (studentId, groupId) VALUES ('HE171442', 35);
INSERT INTO Participate (studentId, groupId) VALUES ('HE171482', 35);
INSERT INTO Participate (studentId, groupId) VALUES ('HE171578', 35);
INSERT INTO Participate (studentId, groupId) VALUES ('HE171687', 35);
INSERT INTO Participate (studentId, groupId) VALUES ('HE171851', 35);
INSERT INTO Participate (studentId, groupId) VALUES ('HE171865', 35);
INSERT INTO Participate (studentId, groupId) VALUES ('HE176182', 35);
INSERT INTO Participate (studentId, groupId) VALUES ('HE176697', 35);
INSERT INTO Participate (studentId, groupId) VALUES ('HE176751', 35);
INSERT INTO Participate (studentId, groupId) VALUES ('SE03520', 35);
INSERT INTO Participate (studentId, groupId) VALUES ('SE04495', 35);

INSERT INTO Participate (studentId, groupId) VALUES ('HE150057', 36);
INSERT INTO Participate (studentId, groupId) VALUES ('HE151095', 36);
INSERT INTO Participate (studentId, groupId) VALUES ('HE153206', 36);
INSERT INTO Participate (studentId, groupId) VALUES ('HE160694', 36);
INSERT INTO Participate (studentId, groupId) VALUES ('HE161357', 36);
INSERT INTO Participate (studentId, groupId) VALUES ('HE161795', 36);
INSERT INTO Participate (studentId, groupId) VALUES ('HE163146', 36);
INSERT INTO Participate (studentId, groupId) VALUES ('HE164035', 36);
INSERT INTO Participate (studentId, groupId) VALUES ('HE170051', 36);
INSERT INTO Participate (studentId, groupId) VALUES ('HE170245', 36);
INSERT INTO Participate (studentId, groupId) VALUES ('HE170422', 36);
INSERT INTO Participate (studentId, groupId) VALUES ('HE170428', 36);
INSERT INTO Participate (studentId, groupId) VALUES ('HE170444', 36);
INSERT INTO Participate (studentId, groupId) VALUES ('HE170533', 36);
INSERT INTO Participate (studentId, groupId) VALUES ('HE170842', 36);
INSERT INTO Participate (studentId, groupId) VALUES ('HE170863', 36);
INSERT INTO Participate (studentId, groupId) VALUES ('HE170907', 36);
INSERT INTO Participate (studentId, groupId) VALUES ('HE170996', 36);
INSERT INTO Participate (studentId, groupId) VALUES ('HE171071', 36);
INSERT INTO Participate (studentId, groupId) VALUES ('HE171073', 36);
INSERT INTO Participate (studentId, groupId) VALUES ('HE171162', 36);
INSERT INTO Participate (studentId, groupId) VALUES ('HE171442', 36);
INSERT INTO Participate (studentId, groupId) VALUES ('HE171482', 36);
INSERT INTO Participate (studentId, groupId) VALUES ('HE171578', 36);
INSERT INTO Participate (studentId, groupId) VALUES ('HE171687', 36);
INSERT INTO Participate (studentId, groupId) VALUES ('HE171851', 36);
INSERT INTO Participate (studentId, groupId) VALUES ('HE171865', 36);
INSERT INTO Participate (studentId, groupId) VALUES ('HE176182', 36);
INSERT INTO Participate (studentId, groupId) VALUES ('HE176697', 36);
INSERT INTO Participate (studentId, groupId) VALUES ('HE176751', 36);
INSERT INTO Participate (studentId, groupId) VALUES ('SE03520', 36);
INSERT INTO Participate (studentId, groupId) VALUES ('SE04495', 36);







