USE LAB_ReportGradeSystem;
-- AUTHENTICATION 
INSERT INTO Account(username, password) VALUES ('SE04495@fpt.edu.vn', '123');
INSERT INTO Account(username, password) VALUES ('SE03520@fpt.edu.vn', '123');
INSERT INTO Account(username, password) VALUES ('HE150057@fpt.edu.vn', '123');
INSERT INTO Account(username, password) VALUES ('HE151095@fpt.edu.vn', '123');
INSERT INTO Account(username, password) VALUES ('HE153206@fpt.edu.vn', '123');
INSERT INTO Account(username, password) VALUES ('HE160694@fpt.edu.vn', '123');
INSERT INTO Account(username, password) VALUES ('HE161357@fpt.edu.vn', '123');
INSERT INTO Account(username, password) VALUES ('HE161795@fpt.edu.vn', '123');
INSERT INTO Account(username, password) VALUES ('HE163146@fpt.edu.vn', '123');
INSERT INTO Account(username, password) VALUES ('HE164035@fpt.edu.vn', '123');
INSERT INTO Account(username, password) VALUES ('HE170051@fpt.edu.vn', '123');
INSERT INTO Account(username, password) VALUES ('HE170245@fpt.edu.vn', '123');
INSERT INTO Account(username, password) VALUES ('HE170422@fpt.edu.vn', '123');
INSERT INTO Account(username, password) VALUES ('HE170428@fpt.edu.vn', '123');
INSERT INTO Account(username, password) VALUES ('HE170444@fpt.edu.vn', '123');
INSERT INTO Account(username, password) VALUES ('HE170533@fpt.edu.vn', '123');
INSERT INTO Account(username, password) VALUES ('HE170842@fpt.edu.vn', '123');
INSERT INTO Account(username, password) VALUES ('HE170863@fpt.edu.vn', '123');
INSERT INTO Account(username, password) VALUES ('HE170907@fpt.edu.vn', '123');
INSERT INTO Account(username, password) VALUES ('HE170996@fpt.edu.vn', '123');
INSERT INTO Account(username, password) VALUES ('HE171071@fpt.edu.vn', '123');
INSERT INTO Account(username, password) VALUES ('HE171073@fpt.edu.vn', '123');
INSERT INTO Account(username, password) VALUES ('HE171162@fpt.edu.vn', '123');
INSERT INTO Account(username, password) VALUES ('HE171442@fpt.edu.vn', '123');
INSERT INTO Account(username, password) VALUES ('HE171482@fpt.edu.vn', '123');
INSERT INTO Account(username, password) VALUES ('HE171578@fpt.edu.vn', '123');
INSERT INTO Account(username, password) VALUES ('HE171687@fpt.edu.vn', '123');
INSERT INTO Account(username, password) VALUES ('HE171851@fpt.edu.vn', '123');
INSERT INTO Account(username, password) VALUES ('HE171865@fpt.edu.vn', '123');
INSERT INTO Account(username, password) VALUES ('HE176182@fpt.edu.vn', '123');
INSERT INTO Account(username, password) VALUES ('HE176697@fpt.edu.vn', '123');
INSERT INTO Account(username, password) VALUES ('HE176751@fpt.edu.vn', '123');
INSERT INTO Account(username, password) VALUES ('HE153263@fpt.edu.vn', '123');
INSERT INTO Account(username, password) VALUES ('HE153535@fpt.edu.vn', '123');
INSERT INTO Account(username, password) VALUES ('HE160914@fpt.edu.vn', '123');
INSERT INTO Account(username, password) VALUES ('HE161145@fpt.edu.vn', '123');
INSERT INTO Account(username, password) VALUES ('HE161544@fpt.edu.vn', '123');
INSERT INTO Account(username, password) VALUES ('HE161706@fpt.edu.vn', '123');
INSERT INTO Account(username, password) VALUES ('HE161800@fpt.edu.vn', '123');
INSERT INTO Account(username, password) VALUES ('HE161832@fpt.edu.vn', '123');
INSERT INTO Account(username, password) VALUES ('HE160071@fpt.edu.vn', '123');
INSERT INTO Account(username, password) VALUES ('HE140639@fpt.edu.vn', '123');
INSERT INTO Account(username, password) VALUES ('HE140842@fpt.edu.vn', '123');
INSERT INTO Account(username, password) VALUES ('HE161139@fpt.edu.vn', '123');
INSERT INTO Account(username, password) VALUES ('HE161481@fpt.edu.vn', '123');
INSERT INTO Account(username, password) VALUES ('HE161512@fpt.edu.vn', '123');
INSERT INTO Account(username, password) VALUES ('HE161733@fpt.edu.vn', '123');
INSERT INTO Account(username, password) VALUES ('HE161869@fpt.edu.vn', '123');
INSERT INTO Account(username, password) VALUES ('HE140339@fpt.edu.vn', '123');
INSERT INTO Account(username, password) VALUES ('HE150282@fpt.edu.vn', '123');
INSERT INTO Account(username, password) VALUES ('HE160625@fpt.edu.vn', '123');
INSERT INTO Account(username, password) VALUES ('HE160682@fpt.edu.vn', '123');
INSERT INTO Account(username, password) VALUES ('HE161469@fpt.edu.vn', '123');
INSERT INTO Account(username, password) VALUES ('HE161861@fpt.edu.vn', '123');
INSERT INTO Account(username, password) VALUES ('HE161875@fpt.edu.vn', '123');
INSERT INTO Account(username, password) VALUES ('HE161882@fpt.edu.vn', '123');
INSERT INTO Account(username, password) VALUES ('HE161918@fpt.edu.vn', '123');
INSERT INTO Account(username, password) VALUES ('HE163001@fpt.edu.vn', '123');
INSERT INTO Account(username, password) VALUES ('HE163154@fpt.edu.vn', '123');
INSERT INTO Account(username, password) VALUES ('HE163233@fpt.edu.vn', '123');
INSERT INTO Account(username, password) VALUES ('HE171163@fpt.edu.vn', '123');
INSERT INTO Account(username, password) VALUES ('HE171403@fpt.edu.vn', '123');
INSERT INTO Account(username, password) VALUES ('HE171408@fpt.edu.vn', '123');
INSERT INTO Account(username, password) VALUES ('HE171590@fpt.edu.vn', '123');
INSERT INTO Account(username, password) VALUES ('HE171985@fpt.edu.vn', '123');
INSERT INTO Account(username, password) VALUES ('HE172734@fpt.edu.vn', '123');
INSERT INTO Account(username, password) VALUES ('HE172742@fpt.edu.vn', '123');
INSERT INTO Account(username, password) VALUES ('HE173033@fpt.edu.vn', '123');
INSERT INTO Account(username, password) VALUES ('HE176160@fpt.edu.vn', '123');
INSERT INTO Account(username, password) VALUES ('HE176187@fpt.edu.vn', '123');
INSERT INTO Account(username, password) VALUES ('HE176230@fpt.edu.vn', '123');
INSERT INTO Account(username, password) VALUES ('HE176586@fpt.edu.vn', '123');
INSERT INTO Account(username, password) VALUES ('HS160715@fpt.edu.vn', '123');
INSERT INTO Account(username, password) VALUES ('DE170703@fpt.edu.vn', '123');
INSERT INTO Account(username, password) VALUES ('HE163415@fpt.edu.vn', '123');
INSERT INTO Account(username, password) VALUES ('HE164044@fpt.edu.vn', '123');
INSERT INTO Account(username, password) VALUES ('HE170180@fpt.edu.vn', '123');
INSERT INTO Account(username, password) VALUES ('HE170595@fpt.edu.vn', '123');
INSERT INTO Account(username, password) VALUES ('HE171098@fpt.edu.vn', '123');
INSERT INTO Account(username, password) VALUES ('HE171319@fpt.edu.vn', '123');
INSERT INTO Account(username, password) VALUES ('HE171320@fpt.edu.vn', '123');
INSERT INTO Account(username, password) VALUES ('HE171416@fpt.edu.vn', '123');
INSERT INTO Account(username, password) VALUES ('HE171702@fpt.edu.vn', '123');
INSERT INTO Account(username, password) VALUES ('HE171937@fpt.edu.vn', '123');
INSERT INTO Account(username, password) VALUES ('HE172032@fpt.edu.vn', '123');
INSERT INTO Account(username, password) VALUES ('HE173037@fpt.edu.vn', '123');
INSERT INTO Account(username, password) VALUES ('HE173046@fpt.edu.vn', '123');
INSERT INTO Account(username, password) VALUES ('HE176640@fpt.edu.vn', '123');
INSERT INTO Account(username, password) VALUES ('HE181829@fpt.edu.vn', '123');
INSERT INTO Account(username, password) VALUES ('HE181879@fpt.edu.vn', '123');
INSERT INTO Account(username, password) VALUES ('HS170024@fpt.edu.vn', '123');
INSERT INTO Account(username, password) VALUES ('HS170726@fpt.edu.vn', '123');
INSERT INTO Account(username, password) VALUES ('HS173175@fpt.edu.vn', '123');
INSERT INTO Account(username, password) VALUES ('HS176033@fpt.edu.vn', '123');
INSERT INTO Account(username, password) VALUES ('HE153678@fpt.edu.vn', '123');
INSERT INTO Account(username, password) VALUES ('HE161700@fpt.edu.vn', '123');
INSERT INTO Account(username, password) VALUES ('HE161755@fpt.edu.vn', '123');
INSERT INTO Account(username, password) VALUES ('HE163635@fpt.edu.vn', '123');
INSERT INTO Account(username, password) VALUES ('HE170072@fpt.edu.vn', '123');
INSERT INTO Account(username, password) VALUES ('HE170201@fpt.edu.vn', '123');
INSERT INTO Account(username, password) VALUES ('HE170203@fpt.edu.vn', '123');
INSERT INTO Account(username, password) VALUES ('HE170420@fpt.edu.vn', '123');
INSERT INTO Account(username, password) VALUES ('HE170617@fpt.edu.vn', '123');
INSERT INTO Account(username, password) VALUES ('HE171209@fpt.edu.vn', '123');
INSERT INTO Account(username, password) VALUES ('HE171310@fpt.edu.vn', '123');
INSERT INTO Account(username, password) VALUES ('HE171883@fpt.edu.vn', '123');
INSERT INTO Account(username, password) VALUES ('HE172207@fpt.edu.vn', '123');
INSERT INTO Account(username, password) VALUES ('HE172366@fpt.edu.vn', '123');
INSERT INTO Account(username, password) VALUES ('HE172533@fpt.edu.vn', '123');
INSERT INTO Account(username, password) VALUES ('HE172693@fpt.edu.vn', '123');
INSERT INTO Account(username, password) VALUES ('HE172802@fpt.edu.vn', '123');
INSERT INTO Account(username, password) VALUES ('HE173328@fpt.edu.vn', '123');
INSERT INTO Account(username, password) VALUES ('HE173373@fpt.edu.vn', '123');
INSERT INTO Account(username, password) VALUES ('HE173476@fpt.edu.vn', '123');
INSERT INTO Account(username, password) VALUES ('HE173489@fpt.edu.vn', '123');
INSERT INTO Account(username, password) VALUES ('HE176275@fpt.edu.vn', '123');
INSERT INTO Account(username, password) VALUES ('HE176282@fpt.edu.vn', '123');
INSERT INTO Account(username, password) VALUES ('HE176285@fpt.edu.vn', '123');
INSERT INTO Account(username, password) VALUES ('HE176346@fpt.edu.vn', '123');
INSERT INTO Account(username, password) VALUES ('HE176360@fpt.edu.vn', '123');
INSERT INTO Account(username, password) VALUES ('HE176603@fpt.edu.vn', '123');
INSERT INTO Account(username, password) VALUES ('HE176686@fpt.edu.vn', '123');
INSERT INTO Account(username, password) VALUES ('HE176834@fpt.edu.vn', '123');
INSERT INTO Account(username, password) VALUES ('HE161232@fpt.edu.vn', '123');
INSERT INTO Account(username, password) VALUES ('HE161643@fpt.edu.vn', '123');
INSERT INTO Account(username, password) VALUES ('HE163665@fpt.edu.vn', '123');
INSERT INTO Account(username, password) VALUES ('HE170123@fpt.edu.vn', '123');
INSERT INTO Account(username, password) VALUES ('HE170268@fpt.edu.vn', '123');
INSERT INTO Account(username, password) VALUES ('HE170302@fpt.edu.vn', '123');
INSERT INTO Account(username, password) VALUES ('HE170314@fpt.edu.vn', '123');
INSERT INTO Account(username, password) VALUES ('HE170317@fpt.edu.vn', '123');
INSERT INTO Account(username, password) VALUES ('HE170436@fpt.edu.vn', '123');
INSERT INTO Account(username, password) VALUES ('HE170593@fpt.edu.vn', '123');
INSERT INTO Account(username, password) VALUES ('HE170625@fpt.edu.vn', '123');
INSERT INTO Account(username, password) VALUES ('HE170663@fpt.edu.vn', '123');
INSERT INTO Account(username, password) VALUES ('HE170911@fpt.edu.vn', '123');
INSERT INTO Account(username, password) VALUES ('HE170966@fpt.edu.vn', '123');
INSERT INTO Account(username, password) VALUES ('HE171116@fpt.edu.vn', '123');
INSERT INTO Account(username, password) VALUES ('HE171271@fpt.edu.vn', '123');
INSERT INTO Account(username, password) VALUES ('HE171494@fpt.edu.vn', '123');
INSERT INTO Account(username, password) VALUES ('HE171519@fpt.edu.vn', '123');
INSERT INTO Account(username, password) VALUES ('HE171547@fpt.edu.vn', '123');
INSERT INTO Account(username, password) VALUES ('HE171589@fpt.edu.vn', '123');
INSERT INTO Account(username, password) VALUES ('HE171601@fpt.edu.vn', '123');
INSERT INTO Account(username, password) VALUES ('HE172039@fpt.edu.vn', '123');
INSERT INTO Account(username, password) VALUES ('HE172040@fpt.edu.vn', '123');
INSERT INTO Account(username, password) VALUES ('HE172095@fpt.edu.vn', '123');
INSERT INTO Account(username, password) VALUES ('HE172175@fpt.edu.vn', '123');
INSERT INTO Account(username, password) VALUES ('HE172860@fpt.edu.vn', '123');
INSERT INTO Account(username, password) VALUES ('HE172875@fpt.edu.vn', '123');
INSERT INTO Account(username, password) VALUES ('HE176347@fpt.edu.vn', '123');
INSERT INTO Account(username, password) VALUES ('HE176485@fpt.edu.vn', '123');
INSERT INTO Account(username, password) VALUES ('HE176673@fpt.edu.vn', '123');
INSERT INTO Account(username, password) VALUES ('HE130464@fpt.edu.vn', '123');
INSERT INTO Account(username, password) VALUES ('HE170038@fpt.edu.vn', '123');
INSERT INTO Account(username, password) VALUES ('HE170351@fpt.edu.vn', '123');
INSERT INTO Account(username, password) VALUES ('HE170459@fpt.edu.vn', '123');
INSERT INTO Account(username, password) VALUES ('HE170704@fpt.edu.vn', '123');
INSERT INTO Account(username, password) VALUES ('HE170855@fpt.edu.vn', '123');
INSERT INTO Account(username, password) VALUES ('HE170913@fpt.edu.vn', '123');
INSERT INTO Account(username, password) VALUES ('HE171112@fpt.edu.vn', '123');
INSERT INTO Account(username, password) VALUES ('HE171153@fpt.edu.vn', '123');
INSERT INTO Account(username, password) VALUES ('HE171284@fpt.edu.vn', '123');
INSERT INTO Account(username, password) VALUES ('HE171454@fpt.edu.vn', '123');
INSERT INTO Account(username, password) VALUES ('HE171518@fpt.edu.vn', '123');
INSERT INTO Account(username, password) VALUES ('HE171587@fpt.edu.vn', '123');
INSERT INTO Account(username, password) VALUES ('HE171927@fpt.edu.vn', '123');
INSERT INTO Account(username, password) VALUES ('HE172073@fpt.edu.vn', '123');
INSERT INTO Account(username, password) VALUES ('HE172273@fpt.edu.vn', '123');
INSERT INTO Account(username, password) VALUES ('HE172339@fpt.edu.vn', '123');
INSERT INTO Account(username, password) VALUES ('HE172486@fpt.edu.vn', '123');
INSERT INTO Account(username, password) VALUES ('HE172517@fpt.edu.vn', '123');
INSERT INTO Account(username, password) VALUES ('HE172525@fpt.edu.vn', '123');
INSERT INTO Account(username, password) VALUES ('HE172826@fpt.edu.vn', '123');
INSERT INTO Account(username, password) VALUES ('HE173222@fpt.edu.vn', '123');
INSERT INTO Account(username, password) VALUES ('HE173258@fpt.edu.vn', '123');
INSERT INTO Account(username, password) VALUES ('HE176027@fpt.edu.vn', '123');
INSERT INTO Account(username, password) VALUES ('HE176125@fpt.edu.vn', '123');
INSERT INTO Account(username, password) VALUES ('HE176256@fpt.edu.vn', '123');
INSERT INTO Account(username, password) VALUES ('HE176715@fpt.edu.vn', '123');
INSERT INTO Account(username, password) VALUES ('HE176743@fpt.edu.vn', '123');
INSERT INTO Account(username, password) VALUES ('HE176810@fpt.edu.vn', '123');
INSERT INTO Account(username, password) VALUES ('HE181414@fpt.edu.vn', '123');
INSERT INTO Account(username, password) VALUES ('HE151390@fpt.edu.vn', '123');
INSERT INTO Account(username, password) VALUES ('HE161152@fpt.edu.vn', '123');
INSERT INTO Account(username, password) VALUES ('HE161165@fpt.edu.vn', '123');
INSERT INTO Account(username, password) VALUES ('HE161181@fpt.edu.vn', '123');
INSERT INTO Account(username, password) VALUES ('HE163891@fpt.edu.vn', '123');
INSERT INTO Account(username, password) VALUES ('HE164019@fpt.edu.vn', '123');
INSERT INTO Account(username, password) VALUES ('HE170012@fpt.edu.vn', '123');
INSERT INTO Account(username, password) VALUES ('HE170027@fpt.edu.vn', '123');
INSERT INTO Account(username, password) VALUES ('HE170147@fpt.edu.vn', '123');
INSERT INTO Account(username, password) VALUES ('HE170167@fpt.edu.vn', '123');
INSERT INTO Account(username, password) VALUES ('HE170273@fpt.edu.vn', '123');
INSERT INTO Account(username, password) VALUES ('HE170301@fpt.edu.vn', '123');
INSERT INTO Account(username, password) VALUES ('HE170415@fpt.edu.vn', '123');
INSERT INTO Account(username, password) VALUES ('HE170607@fpt.edu.vn', '123');
INSERT INTO Account(username, password) VALUES ('HE170622@fpt.edu.vn', '123');
INSERT INTO Account(username, password) VALUES ('HE170724@fpt.edu.vn', '123');
INSERT INTO Account(username, password) VALUES ('HE170960@fpt.edu.vn', '123');
INSERT INTO Account(username, password) VALUES ('HE170999@fpt.edu.vn', '123');
INSERT INTO Account(username, password) VALUES ('HE171312@fpt.edu.vn', '123');
INSERT INTO Account(username, password) VALUES ('HE171411@fpt.edu.vn', '123');
INSERT INTO Account(username, password) VALUES ('HE171540@fpt.edu.vn', '123');
INSERT INTO Account(username, password) VALUES ('HE171628@fpt.edu.vn', '123');
INSERT INTO Account(username, password) VALUES ('HE172037@fpt.edu.vn', '123');
INSERT INTO Account(username, password) VALUES ('HE172748@fpt.edu.vn', '123');
INSERT INTO Account(username, password) VALUES ('HE172838@fpt.edu.vn', '123');
INSERT INTO Account(username, password) VALUES ('HE172848@fpt.edu.vn', '123');
INSERT INTO Account(username, password) VALUES ('HE173248@fpt.edu.vn', '123');
INSERT INTO Account(username, password) VALUES ('HE173588@fpt.edu.vn', '123');
INSERT INTO Account(username, password) VALUES ('HE176077@fpt.edu.vn', '123');
INSERT INTO Account(username, password) VALUES ('HE176087@fpt.edu.vn', '123');
INSERT INTO Account(username, password) VALUES ('HE176169@fpt.edu.vn', '123');
INSERT INTO Account(username, password) VALUES ('HE176420@fpt.edu.vn', '123');
INSERT INTO Account(username, password) VALUES ('HE176882@fpt.edu.vn', '123');
INSERT INTO Account(username, password) VALUES ('HE161285@fpt.edu.vn', '123');
INSERT INTO Account(username, password) VALUES ('HE161816@fpt.edu.vn', '123');
INSERT INTO Account(username, password) VALUES ('HE163067@fpt.edu.vn', '123');
INSERT INTO Account(username, password) VALUES ('HE170011@fpt.edu.vn', '123');
INSERT INTO Account(username, password) VALUES ('HE170631@fpt.edu.vn', '123');
INSERT INTO Account(username, password) VALUES ('HE170685@fpt.edu.vn', '123');
INSERT INTO Account(username, password) VALUES ('HE170793@fpt.edu.vn', '123');
INSERT INTO Account(username, password) VALUES ('HE171358@fpt.edu.vn', '123');
INSERT INTO Account(username, password) VALUES ('HE171394@fpt.edu.vn', '123');
INSERT INTO Account(username, password) VALUES ('HE171421@fpt.edu.vn', '123');
INSERT INTO Account(username, password) VALUES ('HE171552@fpt.edu.vn', '123');
INSERT INTO Account(username, password) VALUES ('HE171908@fpt.edu.vn', '123');
INSERT INTO Account(username, password) VALUES ('HE171915@fpt.edu.vn', '123');
INSERT INTO Account(username, password) VALUES ('HE171916@fpt.edu.vn', '123');
INSERT INTO Account(username, password) VALUES ('HE171990@fpt.edu.vn', '123');
INSERT INTO Account(username, password) VALUES ('HE172180@fpt.edu.vn', '123');
INSERT INTO Account(username, password) VALUES ('HE172280@fpt.edu.vn', '123');
INSERT INTO Account(username, password) VALUES ('HE172313@fpt.edu.vn', '123');
INSERT INTO Account(username, password) VALUES ('HE172435@fpt.edu.vn', '123');
INSERT INTO Account(username, password) VALUES ('HE172527@fpt.edu.vn', '123');
INSERT INTO Account(username, password) VALUES ('HE172538@fpt.edu.vn', '123');
INSERT INTO Account(username, password) VALUES ('HE172702@fpt.edu.vn', '123');
INSERT INTO Account(username, password) VALUES ('HE172737@fpt.edu.vn', '123');
INSERT INTO Account(username, password) VALUES ('HE173401@fpt.edu.vn', '123');
INSERT INTO Account(username, password) VALUES ('HE173457@fpt.edu.vn', '123');
INSERT INTO Account(username, password) VALUES ('HE176211@fpt.edu.vn', '123');
INSERT INTO Account(username, password) VALUES ('HE176279@fpt.edu.vn', '123');
INSERT INTO Account(username, password) VALUES ('HE176633@fpt.edu.vn', '123');
INSERT INTO Account(username, password) VALUES ('HE176747@fpt.edu.vn', '123');
INSERT INTO Account(username, password) VALUES ('HE150732@fpt.edu.vn', '123');
INSERT INTO Account(username, password) VALUES ('HE150998@fpt.edu.vn', '123');
INSERT INTO Account(username, password) VALUES ('HE161224@fpt.edu.vn', '123');
INSERT INTO Account(username, password) VALUES ('HE161597@fpt.edu.vn', '123');
INSERT INTO Account(username, password) VALUES ('HE163629@fpt.edu.vn', '123');
INSERT INTO Account(username, password) VALUES ('HE170089@fpt.edu.vn', '123');
INSERT INTO Account(username, password) VALUES ('HE170262@fpt.edu.vn', '123');
INSERT INTO Account(username, password) VALUES ('HE170318@fpt.edu.vn', '123');
INSERT INTO Account(username, password) VALUES ('HE170416@fpt.edu.vn', '123');
INSERT INTO Account(username, password) VALUES ('HE171285@fpt.edu.vn', '123');
INSERT INTO Account(username, password) VALUES ('HE171377@fpt.edu.vn', '123');
INSERT INTO Account(username, password) VALUES ('HE171511@fpt.edu.vn', '123');
INSERT INTO Account(username, password) VALUES ('HE171558@fpt.edu.vn', '123');
INSERT INTO Account(username, password) VALUES ('HE171827@fpt.edu.vn', '123');
INSERT INTO Account(username, password) VALUES ('HE172058@fpt.edu.vn', '123');
INSERT INTO Account(username, password) VALUES ('HE172063@fpt.edu.vn', '123');
INSERT INTO Account(username, password) VALUES ('HE172083@fpt.edu.vn', '123');
INSERT INTO Account(username, password) VALUES ('HE172084@fpt.edu.vn', '123');
INSERT INTO Account(username, password) VALUES ('HE172163@fpt.edu.vn', '123');
INSERT INTO Account(username, password) VALUES ('HE172262@fpt.edu.vn', '123');
INSERT INTO Account(username, password) VALUES ('HE172386@fpt.edu.vn', '123');
INSERT INTO Account(username, password) VALUES ('HE172398@fpt.edu.vn', '123');
INSERT INTO Account(username, password) VALUES ('HE172460@fpt.edu.vn', '123');
INSERT INTO Account(username, password) VALUES ('HE172467@fpt.edu.vn', '123');
INSERT INTO Account(username, password) VALUES ('HE172568@fpt.edu.vn', '123');
INSERT INTO Account(username, password) VALUES ('HE172610@fpt.edu.vn', '123');
INSERT INTO Account(username, password) VALUES ('HE172717@fpt.edu.vn', '123');
INSERT INTO Account(username, password) VALUES ('HE172787@fpt.edu.vn', '123');
INSERT INTO Account(username, password) VALUES ('HE172851@fpt.edu.vn', '123');
INSERT INTO Account(username, password) VALUES ('HS171380@fpt.edu.vn', '123');
INSERT INTO Account(username, password) VALUES ('HE161302@fpt.edu.vn', '123');
INSERT INTO Account(username, password) VALUES ('HE163675@fpt.edu.vn', '123');
INSERT INTO Account(username, password) VALUES ('HE170059@fpt.edu.vn', '123');
INSERT INTO Account(username, password) VALUES ('HE170141@fpt.edu.vn', '123');
INSERT INTO Account(username, password) VALUES ('HE170176@fpt.edu.vn', '123');
INSERT INTO Account(username, password) VALUES ('HE170481@fpt.edu.vn', '123');
INSERT INTO Account(username, password) VALUES ('HE170646@fpt.edu.vn', '123');
INSERT INTO Account(username, password) VALUES ('HE170662@fpt.edu.vn', '123');
INSERT INTO Account(username, password) VALUES ('HE170738@fpt.edu.vn', '123');
INSERT INTO Account(username, password) VALUES ('HE170800@fpt.edu.vn', '123');
INSERT INTO Account(username, password) VALUES ('HE170827@fpt.edu.vn', '123');
INSERT INTO Account(username, password) VALUES ('HE170995@fpt.edu.vn', '123');
INSERT INTO Account(username, password) VALUES ('HE171110@fpt.edu.vn', '123');
INSERT INTO Account(username, password) VALUES ('HE171364@fpt.edu.vn', '123');
INSERT INTO Account(username, password) VALUES ('HE171534@fpt.edu.vn', '123');
INSERT INTO Account(username, password) VALUES ('HE172014@fpt.edu.vn', '123');
INSERT INTO Account(username, password) VALUES ('HE172264@fpt.edu.vn', '123');
INSERT INTO Account(username, password) VALUES ('HE172372@fpt.edu.vn', '123');
INSERT INTO Account(username, password) VALUES ('HE172701@fpt.edu.vn', '123');
INSERT INTO Account(username, password) VALUES ('HE172726@fpt.edu.vn', '123');
INSERT INTO Account(username, password) VALUES ('HE173209@fpt.edu.vn', '123');
INSERT INTO Account(username, password) VALUES ('HE173235@fpt.edu.vn', '123');
INSERT INTO Account(username, password) VALUES ('HE176292@fpt.edu.vn', '123');
INSERT INTO Account(username, password) VALUES ('HE176767@fpt.edu.vn', '123');
INSERT INTO Account(username, password) VALUES ('HE180542@fpt.edu.vn', '123');
INSERT INTO Account(username, password) VALUES ('HE181024@fpt.edu.vn', '123');
INSERT INTO Account(username, password) VALUES ('HE181266@fpt.edu.vn', '123');
INSERT INTO Account(username, password) VALUES ('HE182276@fpt.edu.vn', '123');
INSERT INTO Account(username, password) VALUES ('HE187276@fpt.edu.vn', '123');
INSERT INTO Account(username, password) VALUES ('HE150271@fpt.edu.vn', '123');
INSERT INTO Account(username, password) VALUES ('HE150862@fpt.edu.vn', '123');
INSERT INTO Account(username, password) VALUES ('HE153487@fpt.edu.vn', '123');
INSERT INTO Account(username, password) VALUES ('HE160021@fpt.edu.vn', '123');
INSERT INTO Account(username, password) VALUES ('HE160120@fpt.edu.vn', '123');
INSERT INTO Account(username, password) VALUES ('HE160277@fpt.edu.vn', '123');
INSERT INTO Account(username, password) VALUES ('HE160533@fpt.edu.vn', '123');
INSERT INTO Account(username, password) VALUES ('HE160623@fpt.edu.vn', '123');
INSERT INTO Account(username, password) VALUES ('HE160639@fpt.edu.vn', '123');
INSERT INTO Account(username, password) VALUES ('HE160854@fpt.edu.vn', '123');
INSERT INTO Account(username, password) VALUES ('HE160866@fpt.edu.vn', '123');
INSERT INTO Account(username, password) VALUES ('HE160929@fpt.edu.vn', '123');
INSERT INTO Account(username, password) VALUES ('HE160982@fpt.edu.vn', '123');
INSERT INTO Account(username, password) VALUES ('HE161234@fpt.edu.vn', '123');
INSERT INTO Account(username, password) VALUES ('HE161475@fpt.edu.vn', '123');
INSERT INTO Account(username, password) VALUES ('HE163040@fpt.edu.vn', '123');
INSERT INTO Account(username, password) VALUES ('HE163063@fpt.edu.vn', '123');
INSERT INTO Account(username, password) VALUES ('HE163083@fpt.edu.vn', '123');
INSERT INTO Account(username, password) VALUES ('HE163158@fpt.edu.vn', '123');
INSERT INTO Account(username, password) VALUES ('HE163166@fpt.edu.vn', '123');
INSERT INTO Account(username, password) VALUES ('HE163193@fpt.edu.vn', '123');
INSERT INTO Account(username, password) VALUES ('HE163249@fpt.edu.vn', '123');
INSERT INTO Account(username, password) VALUES ('HE163283@fpt.edu.vn', '123');
INSERT INTO Account(username, password) VALUES ('HE163359@fpt.edu.vn', '123');
INSERT INTO Account(username, password) VALUES ('HE163397@fpt.edu.vn', '123');
INSERT INTO Account(username, password) VALUES ('HE163500@fpt.edu.vn', '123');
INSERT INTO Account(username, password) VALUES ('HE163639@fpt.edu.vn', '123');
INSERT INTO Account(username, password) VALUES ('HE163653@fpt.edu.vn', '123');
INSERT INTO Account(username, password) VALUES ('HE163774@fpt.edu.vn', '123');
INSERT INTO Account(username, password) VALUES ('HE163906@fpt.edu.vn', '123');

INSERT INTO Account(username, password) VALUES ('sonnt5@fpt.edu.vn', '123');
INSERT INTO Account(username, password) VALUES ('thangnv75@fpt.edu.vn', '123');
INSERT INTO Account(username, password) VALUES ('khuongpd@fpt.edu.vn', '123');
INSERT INTO Account(username, password) VALUES ('trungnt@fpt.edu.vn', '123');
INSERT INTO Account(username, password) VALUES ('yennth126@fpt.edu.vn', '123');
INSERT INTO Account(username, password) VALUES ('khaidq6@fpt.edu.vn', '123');
INSERT INTO Account(username, password) VALUES ('anhnh88@fpt.edu.vn', '123');


-- SE1723-STUDENT 
INSERT INTO Student (accountId, studentId, studentName) VALUES ('SE03520@fpt.edu.vn','SE03520', 'Shunom Peter Bala');
INSERT INTO Student (accountId, studentId, studentName) VALUES ('SE04495@fpt.edu.vn','SE04495', 'Ntui Obasi Maurice');
INSERT INTO Student (accountId, studentId, studentName) VALUES ('HE150057@fpt.edu.vn','HE150057', 'Nguyễn Nhật Anh');
INSERT INTO Student (accountId, studentId, studentName) VALUES ('HE151095@fpt.edu.vn','HE151095', 'Nguyễn Đức Minh');
INSERT INTO Student (accountId, studentId, studentName) VALUES ('HE153206@fpt.edu.vn','HE153206', 'Quách Duy Nam');
INSERT INTO Student (accountId, studentId, studentName) VALUES ('HE160694@fpt.edu.vn','HE160694', 'Vũ Đình Duy');
INSERT INTO Student (accountId, studentId, studentName) VALUES ('HE161357@fpt.edu.vn','HE161357', 'Nguyễn Trường Tây');
INSERT INTO Student (accountId, studentId, studentName) VALUES ('HE161795@fpt.edu.vn','HE161795', 'Dương Thành Minh');
INSERT INTO Student (accountId, studentId, studentName) VALUES ('HE163146@fpt.edu.vn','HE163146', 'Bùi Việt Hùng');
INSERT INTO Student (accountId, studentId, studentName) VALUES ('HE164035@fpt.edu.vn','HE164035', 'Nguyễn Tiến Anh');
INSERT INTO Student (accountId, studentId, studentName) VALUES ('HE170051@fpt.edu.vn','HE170051', 'Vũ Minh Tâm');
INSERT INTO Student (accountId, studentId, studentName) VALUES ('HE170245@fpt.edu.vn','HE170245', 'Bùi Hoàng Long');
INSERT INTO Student (accountId, studentId, studentName) VALUES ('HE170422@fpt.edu.vn','HE170422', 'Vũ Duy Phúc');
INSERT INTO Student (accountId, studentId, studentName) VALUES ('HE170428@fpt.edu.vn','HE170428', 'Trần Quang Huy');
INSERT INTO Student (accountId, studentId, studentName) VALUES ('HE170444@fpt.edu.vn','HE170444', 'Lê Đức Hiếu');
INSERT INTO Student (accountId, studentId, studentName) VALUES ('HE170533@fpt.edu.vn','HE170533', 'Nguyễn Quang Lợi');
INSERT INTO Student (accountId, studentId, studentName) VALUES ('HE170842@fpt.edu.vn','HE170842', 'Nguyễn Thanh Hậu');
INSERT INTO Student (accountId, studentId, studentName) VALUES ('HE170863@fpt.edu.vn','HE170863', 'Nguyễn Thị Khánh Huyền');
INSERT INTO Student (accountId, studentId, studentName) VALUES ('HE170907@fpt.edu.vn','HE170907', 'Phạm Trường Giang');
INSERT INTO Student (accountId, studentId, studentName) VALUES ('HE170996@fpt.edu.vn','HE170996', 'Khiếu Minh Đức');
INSERT INTO Student (accountId, studentId, studentName) VALUES ('HE171071@fpt.edu.vn','HE171071', 'Vũ Ngọc Nhất');
INSERT INTO Student (accountId, studentId, studentName) VALUES ('HE171073@fpt.edu.vn','HE171073', 'Hoàng Mai Phương');
INSERT INTO Student (accountId, studentId, studentName) VALUES ('HE171162@fpt.edu.vn','HE171162', 'Bùi Tiến Dũng');
INSERT INTO Student (accountId, studentId, studentName) VALUES ('HE171442@fpt.edu.vn','HE171442', 'Văn Công Quang Minh');
INSERT INTO Student (accountId, studentId, studentName) VALUES ('HE171482@fpt.edu.vn','HE171482', 'Đinh Tiến Mạnh');
INSERT INTO Student (accountId, studentId, studentName) VALUES ('HE171578@fpt.edu.vn','HE171578', 'Kiều Nam Hải');
INSERT INTO Student (accountId, studentId, studentName) VALUES ('HE171687@fpt.edu.vn','HE171687', 'Doãn Lâm Phúc');
INSERT INTO Student (accountId, studentId, studentName) VALUES ('HE171851@fpt.edu.vn','HE171851', 'Nguyễn Đức Minh');
INSERT INTO Student (accountId, studentId, studentName) VALUES ('HE171865@fpt.edu.vn','HE171865', 'Nguyễn Quang Hiếu');
INSERT INTO Student (accountId, studentId, studentName) VALUES ('HE176182@fpt.edu.vn','HE176182', 'Phan Việt Anh');
INSERT INTO Student (accountId, studentId, studentName) VALUES ('HE176697@fpt.edu.vn','HE176697', 'Nguyễn Thị Cẩm Tú');
INSERT INTO Student (accountId, studentId, studentName) VALUES ('HE176751@fpt.edu.vn','HE176751', 'Nguyễn Quốc Đạt');
INSERT INTO Student (accountId, studentId, studentName) VALUES ('HE153263@fpt.edu.vn','HE153263', 'Lương Huy Anh');
INSERT INTO Student (accountId, studentId, studentName) VALUES ('HE153535@fpt.edu.vn','HE153535', 'Nguyễn Quang Tiến');
INSERT INTO Student (accountId, studentId, studentName) VALUES ('HE160914@fpt.edu.vn','HE160914', 'Nguyễn Nghĩa Hoàng Giang');
INSERT INTO Student (accountId, studentId, studentName) VALUES ('HE161145@fpt.edu.vn','HE161145', 'Lê Hải Đăng');
INSERT INTO Student (accountId, studentId, studentName) VALUES ('HE161544@fpt.edu.vn','HE161544', 'Bùi Duy Đức');
INSERT INTO Student (accountId, studentId, studentName) VALUES ('HE161706@fpt.edu.vn','HE161706', 'Trịnh Xuân Việt');
INSERT INTO Student (accountId, studentId, studentName) VALUES ('HE161800@fpt.edu.vn','HE161800', 'Nguyễn Quang Hào');
INSERT INTO Student (accountId, studentId, studentName) VALUES ('HE161832@fpt.edu.vn','HE161832', 'Đồng Văn Nam');
INSERT INTO Student (accountId, studentId, studentName) VALUES ('HE160071@fpt.edu.vn','HE160071', 'Vũ Quốc Bình');
INSERT INTO Student (accountId, studentId, studentName) VALUES ('HE140639@fpt.edu.vn','HE140639', 'Trần Việt Long');
INSERT INTO Student (accountId, studentId, studentName) VALUES ('HE140842@fpt.edu.vn','HE140842', 'Phan Tuấn Linh');
INSERT INTO Student (accountId, studentId, studentName) VALUES ('HE161139@fpt.edu.vn','HE161139', 'Lê Tuấn Anh');
INSERT INTO Student (accountId, studentId, studentName) VALUES ('HE161481@fpt.edu.vn','HE161481', 'Mai Ngọc Tú');
INSERT INTO Student (accountId, studentId, studentName) VALUES ('HE161512@fpt.edu.vn','HE161512', 'Hoàng Xuân Vinh');
INSERT INTO Student (accountId, studentId, studentName) VALUES ('HE161733@fpt.edu.vn','HE161733', 'Vũ Duy Hưng');
INSERT INTO Student (accountId, studentId, studentName) VALUES ('HE161869@fpt.edu.vn','HE161869', 'Nguyễn Ngọc Dân');
INSERT INTO Student (accountId, studentId, studentName) VALUES ('HE140339@fpt.edu.vn','HE140339', 'Nguyễn Văn Toan');
INSERT INTO Student (accountId, studentId, studentName) VALUES ('HE150282@fpt.edu.vn','HE150282', 'Lê Hồng Sơn');
INSERT INTO Student (accountId, studentId, studentName) VALUES ('HE160625@fpt.edu.vn','HE160625', 'Nguyễn Hải Khang');
INSERT INTO Student (accountId, studentId, studentName) VALUES ('HE160682@fpt.edu.vn','HE160682', 'Tống Văn Vinh');
INSERT INTO Student (accountId, studentId, studentName) VALUES ('HE161469@fpt.edu.vn','HE161469', 'Nguyễn Văn Hội');
INSERT INTO Student (accountId, studentId, studentName) VALUES ('HE161861@fpt.edu.vn','HE161861', 'Tống Quang Hùng');
INSERT INTO Student (accountId, studentId, studentName) VALUES ('HE161875@fpt.edu.vn','HE161875', 'Vũ Danh Huy');
INSERT INTO Student (accountId, studentId, studentName) VALUES ('HE161882@fpt.edu.vn','HE161882', 'Vũ Thị Ngọc Anh');
INSERT INTO Student (accountId, studentId, studentName) VALUES ('HE161918@fpt.edu.vn','HE161918', 'Ngô Hữu Nam');
INSERT INTO Student (accountId, studentId, studentName) VALUES ('HE163001@fpt.edu.vn','HE163001', 'Chu Việt Thắng');
INSERT INTO Student (accountId, studentId, studentName) VALUES ('HE163154@fpt.edu.vn','HE163154', 'Lê Thế Khải');
INSERT INTO Student (accountId, studentId, studentName) VALUES ('HE163233@fpt.edu.vn','HE163233', 'Trần Mai Linh');
INSERT INTO Student (accountId, studentId, studentName) VALUES ('HE171163@fpt.edu.vn','HE171163', 'Đặng Vũ Gia Bình');
INSERT INTO Student (accountId, studentId, studentName) VALUES ('HE171403@fpt.edu.vn','HE171403', 'Phan Minh Cường');
INSERT INTO Student (accountId, studentId, studentName) VALUES ('HE171408@fpt.edu.vn','HE171408', 'Lê Phan Thảo Nguyên');
INSERT INTO Student (accountId, studentId, studentName) VALUES ('HE171590@fpt.edu.vn','HE171590', 'Chu Việt Hoàng');
INSERT INTO Student (accountId, studentId, studentName) VALUES ('HE171985@fpt.edu.vn','HE171985', 'Nguyễn Mai Hiền Anh');
INSERT INTO Student (accountId, studentId, studentName) VALUES ('HE172734@fpt.edu.vn','HE172734', 'Nguyễn Thế Anh');
INSERT INTO Student (accountId, studentId, studentName) VALUES ('HE172742@fpt.edu.vn','HE172742', 'Nguyễn Việt Thành');
INSERT INTO Student (accountId, studentId, studentName) VALUES ('HE173033@fpt.edu.vn','HE173033', 'Trần Minh Đức');
INSERT INTO Student (accountId, studentId, studentName) VALUES ('HE176160@fpt.edu.vn','HE176160', 'Triệu Thạch Ân');
INSERT INTO Student (accountId, studentId, studentName) VALUES ('HE176187@fpt.edu.vn','HE176187', 'Nguyễn Hoàng Đức');
INSERT INTO Student (accountId, studentId, studentName) VALUES ('HE176230@fpt.edu.vn','HE176230', 'Nguyễn Mạnh Cường');
INSERT INTO Student (accountId, studentId, studentName) VALUES ('HE176586@fpt.edu.vn','HE176586', 'Đinh Nhật Hoàng');
INSERT INTO Student (accountId, studentId, studentName) VALUES ('HS160715@fpt.edu.vn','HS160715', 'Vũ Văn Thượng');


--	All student 
INSERT INTO Student (accountId, studentId, studentName) VALUES ('DE170703@fpt.edu.vn','DE170703', 'Phạm Thanh Tùng');
INSERT INTO Student (accountId, studentId, studentName) VALUES ('HE163415@fpt.edu.vn','HE163415', 'Nguyễn Ngọc Nghĩa');
INSERT INTO Student (accountId, studentId, studentName) VALUES ('HE164044@fpt.edu.vn','HE164044', 'Tô Thị Vân');
INSERT INTO Student (accountId, studentId, studentName) VALUES ('HE170180@fpt.edu.vn','HE170180', 'Trần Quang Khải');
INSERT INTO Student (accountId, studentId, studentName) VALUES ('HE170595@fpt.edu.vn','HE170595', 'Vũ Quang Toàn');
INSERT INTO Student (accountId, studentId, studentName) VALUES ('HE171098@fpt.edu.vn','HE171098', 'Ngô Vũ Dương');
INSERT INTO Student (accountId, studentId, studentName) VALUES ('HE171319@fpt.edu.vn','HE171319', 'Nguyễn Mạnh Dũng');
INSERT INTO Student (accountId, studentId, studentName) VALUES ('HE171320@fpt.edu.vn','HE171320', 'Lê Anh Quân');
INSERT INTO Student (accountId, studentId, studentName) VALUES ('HE171416@fpt.edu.vn','HE171416', 'Lê Tiến Thành');
INSERT INTO Student (accountId, studentId, studentName) VALUES ('HE171702@fpt.edu.vn','HE171702', 'Nguyễn Văn Đức');
INSERT INTO Student (accountId, studentId, studentName) VALUES ('HE171937@fpt.edu.vn','HE171937', 'Dương Minh Hoàng');
INSERT INTO Student (accountId, studentId, studentName) VALUES ('HE172032@fpt.edu.vn','HE172032', 'Trần Khánh Tùng');
INSERT INTO Student (accountId, studentId, studentName) VALUES ('HE173037@fpt.edu.vn','HE173037', 'Lương Thị Diệu Linh');
INSERT INTO Student (accountId, studentId, studentName) VALUES ('HE173046@fpt.edu.vn','HE173046', 'Đoàn Tùng Anh');
INSERT INTO Student (accountId, studentId, studentName) VALUES ('HE176640@fpt.edu.vn','HE176640', 'Nguyễn Văn Đức');
INSERT INTO Student (accountId, studentId, studentName) VALUES ('HE181829@fpt.edu.vn','HE181829', 'Vũ Thành Nam');
INSERT INTO Student (accountId, studentId, studentName) VALUES ('HE181879@fpt.edu.vn','HE181879', 'Trần Quốc Bảo');
INSERT INTO Student (accountId, studentId, studentName) VALUES ('HS170024@fpt.edu.vn','HS170024', 'Phạm Phương Vy');
INSERT INTO Student (accountId, studentId, studentName) VALUES ('HS170726@fpt.edu.vn','HS170726', 'Nguyễn Thị Trang');
INSERT INTO Student (accountId, studentId, studentName) VALUES ('HS173175@fpt.edu.vn','HS173175', 'Trương Thế Anh');
INSERT INTO Student (accountId, studentId, studentName) VALUES ('HS176033@fpt.edu.vn','HS176033', 'Nông Khánh Duy');
INSERT INTO Student (accountId, studentId, studentName) VALUES ('HE153678@fpt.edu.vn','HE153678', 'Phạm Xuân Bách');
INSERT INTO Student (accountId, studentId, studentName) VALUES ('HE161700@fpt.edu.vn','HE161700', 'Nguyễn Hồng Đăng');
INSERT INTO Student (accountId, studentId, studentName) VALUES ('HE161755@fpt.edu.vn','HE161755', 'Trần Minh Tú');
INSERT INTO Student (accountId, studentId, studentName) VALUES ('HE163635@fpt.edu.vn','HE163635', 'Nguyễn Vũ Mạnh Cường');
INSERT INTO Student (accountId, studentId, studentName) VALUES ('HE170072@fpt.edu.vn','HE170072', 'Nguyễn Khánh Tuấn Đức');
INSERT INTO Student (accountId, studentId, studentName) VALUES ('HE170201@fpt.edu.vn','HE170201', 'Lưu Đức Khánh');
INSERT INTO Student (accountId, studentId, studentName) VALUES ('HE170203@fpt.edu.vn','HE170203', 'Phạm Quốc Bình');
INSERT INTO Student (accountId, studentId, studentName) VALUES ('HE170420@fpt.edu.vn','HE170420', 'Nguyễn Xuân Huy');
INSERT INTO Student (accountId, studentId, studentName) VALUES ('HE170617@fpt.edu.vn','HE170617', 'Trần Quang Minh');
INSERT INTO Student (accountId, studentId, studentName) VALUES ('HE171209@fpt.edu.vn','HE171209', 'Phạm Hoàng Nam');
INSERT INTO Student (accountId, studentId, studentName) VALUES ('HE171310@fpt.edu.vn','HE171310', 'Phạm Tuấn Minh');
INSERT INTO Student (accountId, studentId, studentName) VALUES ('HE171883@fpt.edu.vn','HE171883', 'Mã Vĩnh Lộc');
INSERT INTO Student (accountId, studentId, studentName) VALUES ('HE172207@fpt.edu.vn','HE172207', 'Bùi Tuấn Sơn');
INSERT INTO Student (accountId, studentId, studentName) VALUES ('HE172366@fpt.edu.vn','HE172366', 'Nguyễn Xuân Hải');
INSERT INTO Student (accountId, studentId, studentName) VALUES ('HE172533@fpt.edu.vn','HE172533', 'Lê Quang Trung');
INSERT INTO Student (accountId, studentId, studentName) VALUES ('HE172693@fpt.edu.vn','HE172693', 'Trần Huy Tuấn');
INSERT INTO Student (accountId, studentId, studentName) VALUES ('HE172802@fpt.edu.vn','HE172802', 'Lê Xuân Hào');
INSERT INTO Student (accountId, studentId, studentName) VALUES ('HE173328@fpt.edu.vn','HE173328', 'Lưu Đức Tú');
INSERT INTO Student (accountId, studentId, studentName) VALUES ('HE173373@fpt.edu.vn','HE173373', 'Hoàng Anh Tú');
INSERT INTO Student (accountId, studentId, studentName) VALUES ('HE173476@fpt.edu.vn','HE173476', 'Phạm Trường Giang');
INSERT INTO Student (accountId, studentId, studentName) VALUES ('HE173489@fpt.edu.vn','HE173489', 'Nguyễn Hữu Kiên');
INSERT INTO Student (accountId, studentId, studentName) VALUES ('HE176275@fpt.edu.vn','HE176275', 'Lê Đăng Huy');
INSERT INTO Student (accountId, studentId, studentName) VALUES ('HE176282@fpt.edu.vn','HE176282', 'Nguyễn Đăng Long');
INSERT INTO Student (accountId, studentId, studentName) VALUES ('HE176285@fpt.edu.vn','HE176285', 'Phạm Minh Khánh');
INSERT INTO Student (accountId, studentId, studentName) VALUES ('HE176346@fpt.edu.vn','HE176346', 'Nguyễn Ngọc Tuấn Huy');
INSERT INTO Student (accountId, studentId, studentName) VALUES ('HE176360@fpt.edu.vn','HE176360', 'Thái Xuân Khánh');
INSERT INTO Student (accountId, studentId, studentName) VALUES ('HE176603@fpt.edu.vn','HE176603', 'Đinh Thu Ngân');
INSERT INTO Student (accountId, studentId, studentName) VALUES ('HE176686@fpt.edu.vn','HE176686', 'Nguyễn Tiến Hưng');
INSERT INTO Student (accountId, studentId, studentName) VALUES ('HE176834@fpt.edu.vn','HE176834', 'Dương Quang Tuấn');
INSERT INTO Student (accountId, studentId, studentName) VALUES ('HE161232@fpt.edu.vn','HE161232', 'Ngô Quang Bá');
INSERT INTO Student (accountId, studentId, studentName) VALUES ('HE161643@fpt.edu.vn','HE161643', 'Trần Ngọc Quý');
INSERT INTO Student (accountId, studentId, studentName) VALUES ('HE163665@fpt.edu.vn','HE163665', 'Phạm Tuấn Dương');
INSERT INTO Student (accountId, studentId, studentName) VALUES ('HE170123@fpt.edu.vn','HE170123', 'Nguyễn Việt Anh');
INSERT INTO Student (accountId, studentId, studentName) VALUES ('HE170268@fpt.edu.vn','HE170268', 'Nguyễn Anh Tuấn');
INSERT INTO Student (accountId, studentId, studentName) VALUES ('HE170302@fpt.edu.vn','HE170302', 'Đào Xuân Quang');
INSERT INTO Student (accountId, studentId, studentName) VALUES ('HE170314@fpt.edu.vn','HE170314', 'Nguyễn Gia Khánh');
INSERT INTO Student (accountId, studentId, studentName) VALUES ('HE170317@fpt.edu.vn','HE170317', 'Hoàng Nghĩa Hiệp');
INSERT INTO Student (accountId, studentId, studentName) VALUES ('HE170436@fpt.edu.vn','HE170436', 'Phạm Quang Đạt');
INSERT INTO Student (accountId, studentId, studentName) VALUES ('HE170593@fpt.edu.vn','HE170593', 'Đinh Đăng Cảnh');
INSERT INTO Student (accountId, studentId, studentName) VALUES ('HE170625@fpt.edu.vn','HE170625', 'Đặng Công Đạt');
INSERT INTO Student (accountId, studentId, studentName) VALUES ('HE170663@fpt.edu.vn','HE170663', 'Lê Thành Công');
INSERT INTO Student (accountId, studentId, studentName) VALUES ('HE170911@fpt.edu.vn','HE170911', 'Vũ Hoàng Long');
INSERT INTO Student (accountId, studentId, studentName) VALUES ('HE170966@fpt.edu.vn','HE170966', 'Đinh Quốc Thái');
INSERT INTO Student (accountId, studentId, studentName) VALUES ('HE171116@fpt.edu.vn','HE171116', 'Nguyễn Xuân Kiên');
INSERT INTO Student (accountId, studentId, studentName) VALUES ('HE171271@fpt.edu.vn','HE171271', 'Lê Thùy Linh');
INSERT INTO Student (accountId, studentId, studentName) VALUES ('HE171494@fpt.edu.vn','HE171494', 'Trịnh Hải Phong');
INSERT INTO Student (accountId, studentId, studentName) VALUES ('HE171519@fpt.edu.vn','HE171519', 'Hoàng Phan Quốc Đạt');
INSERT INTO Student (accountId, studentId, studentName) VALUES ('HE171547@fpt.edu.vn','HE171547', 'Nguyễn Minh Hiếu');
INSERT INTO Student (accountId, studentId, studentName) VALUES ('HE171589@fpt.edu.vn','HE171589', 'Phạm Trần Hồng Anh');
INSERT INTO Student (accountId, studentId, studentName) VALUES ('HE171601@fpt.edu.vn','HE171601', 'Nguyễn Quý Dương');
INSERT INTO Student (accountId, studentId, studentName) VALUES ('HE172039@fpt.edu.vn','HE172039', 'Vũ Minh Hiếu');
INSERT INTO Student (accountId, studentId, studentName) VALUES ('HE172040@fpt.edu.vn','HE172040', 'Nguyễn Minh Duy');
INSERT INTO Student (accountId, studentId, studentName) VALUES ('HE172095@fpt.edu.vn','HE172095', 'Nguyễn Minh Quang');
INSERT INTO Student (accountId, studentId, studentName) VALUES ('HE172175@fpt.edu.vn','HE172175', 'Đoàn Ngọc Vũ');
INSERT INTO Student (accountId, studentId, studentName) VALUES ('HE172860@fpt.edu.vn','HE172860', 'Phạm Đức Minh');
INSERT INTO Student (accountId, studentId, studentName) VALUES ('HE172875@fpt.edu.vn','HE172875', 'Bạch Đăng Tùng');
INSERT INTO Student (accountId, studentId, studentName) VALUES ('HE176347@fpt.edu.vn','HE176347', 'Nguyễn Thị Ngọc Mai');
INSERT INTO Student (accountId, studentId, studentName) VALUES ('HE176485@fpt.edu.vn','HE176485', 'Lại Khánh Trang');
INSERT INTO Student (accountId, studentId, studentName) VALUES ('HE176673@fpt.edu.vn','HE176673', 'Đỗ Phú Lộc');
INSERT INTO Student (accountId, studentId, studentName) VALUES ('HE130464@fpt.edu.vn','HE130464', 'Lê Ngọc Tân');
INSERT INTO Student (accountId, studentId, studentName) VALUES ('HE170038@fpt.edu.vn','HE170038', 'Lê Việt Hưng');
INSERT INTO Student (accountId, studentId, studentName) VALUES ('HE170351@fpt.edu.vn','HE170351', 'Trương Hữu Nhật');
INSERT INTO Student (accountId, studentId, studentName) VALUES ('HE170459@fpt.edu.vn','HE170459', 'Lê Bảo Lâm');
INSERT INTO Student (accountId, studentId, studentName) VALUES ('HE170704@fpt.edu.vn','HE170704', 'Nguyễn Lâm Huy');
INSERT INTO Student (accountId, studentId, studentName) VALUES ('HE170855@fpt.edu.vn','HE170855', 'Trần Thiên Minh');
INSERT INTO Student (accountId, studentId, studentName) VALUES ('HE170913@fpt.edu.vn','HE170913', 'Trần Việt Hưng');
INSERT INTO Student (accountId, studentId, studentName) VALUES ('HE171112@fpt.edu.vn','HE171112', 'Nguyễn Tuấn Minh');
INSERT INTO Student (accountId, studentId, studentName) VALUES ('HE171153@fpt.edu.vn','HE171153', 'Đỗ Văn Dũng');
INSERT INTO Student (accountId, studentId, studentName) VALUES ('HE171284@fpt.edu.vn','HE171284', 'Nguyễn Mạnh Tuấn');
INSERT INTO Student (accountId, studentId, studentName) VALUES ('HE171454@fpt.edu.vn','HE171454', 'Trần Bá Cường');
INSERT INTO Student (accountId, studentId, studentName) VALUES ('HE171518@fpt.edu.vn','HE171518', 'Phan Hoài Nam');
INSERT INTO Student (accountId, studentId, studentName) VALUES ('HE171587@fpt.edu.vn','HE171587', 'Đỗ Tuấn Vũ');
INSERT INTO Student (accountId, studentId, studentName) VALUES ('HE171927@fpt.edu.vn','HE171927', 'Nguyễn Hồng Hải');
INSERT INTO Student (accountId, studentId, studentName) VALUES ('HE172073@fpt.edu.vn','HE172073', 'Nguyễn Đình Tiến');
INSERT INTO Student (accountId, studentId, studentName) VALUES ('HE172273@fpt.edu.vn','HE172273', 'Nguyễn Thành Đạt');
INSERT INTO Student (accountId, studentId, studentName) VALUES ('HE172339@fpt.edu.vn','HE172339', 'Nguyễn Quang Duy');
INSERT INTO Student (accountId, studentId, studentName) VALUES ('HE172486@fpt.edu.vn','HE172486', 'Trương Thanh Bình');
INSERT INTO Student (accountId, studentId, studentName) VALUES ('HE172517@fpt.edu.vn','HE172517', 'Phạm Phú Việt Hùng');
INSERT INTO Student (accountId, studentId, studentName) VALUES ('HE172525@fpt.edu.vn','HE172525', 'Ngô Văn Trường');
INSERT INTO Student (accountId, studentId, studentName) VALUES ('HE172826@fpt.edu.vn','HE172826', 'Nguyễn Hoàng Trung');
INSERT INTO Student (accountId, studentId, studentName) VALUES ('HE173222@fpt.edu.vn','HE173222', 'Nguyễn Đình Bách');
INSERT INTO Student (accountId, studentId, studentName) VALUES ('HE173258@fpt.edu.vn','HE173258', 'Trần Quốc Trung');
INSERT INTO Student (accountId, studentId, studentName) VALUES ('HE176027@fpt.edu.vn','HE176027', 'Dương Xuân Bách');
INSERT INTO Student (accountId, studentId, studentName) VALUES ('HE176125@fpt.edu.vn','HE176125', 'Mạc Nguyễn Thiên');
INSERT INTO Student (accountId, studentId, studentName) VALUES ('HE176256@fpt.edu.vn','HE176256', 'Hà Việt Hiếu');
INSERT INTO Student (accountId, studentId, studentName) VALUES ('HE176715@fpt.edu.vn','HE176715', 'Nguyễn Quang Thắng');
INSERT INTO Student (accountId, studentId, studentName) VALUES ('HE176743@fpt.edu.vn','HE176743', 'Trần Tiến Long');
INSERT INTO Student (accountId, studentId, studentName) VALUES ('HE176810@fpt.edu.vn','HE176810', 'Nguyễn Hồng Vân');
INSERT INTO Student (accountId, studentId, studentName) VALUES ('HE181414@fpt.edu.vn','HE181414', 'Võ Trọng Hải');
INSERT INTO Student (accountId, studentId, studentName) VALUES ('HE151390@fpt.edu.vn','HE151390', 'Nguyễn Minh Tú');
INSERT INTO Student (accountId, studentId, studentName) VALUES ('HE161152@fpt.edu.vn','HE161152', 'Nguyễn Văn Huy');
INSERT INTO Student (accountId, studentId, studentName) VALUES ('HE161165@fpt.edu.vn','HE161165', 'Trần Đức Anh');
INSERT INTO Student (accountId, studentId, studentName) VALUES ('HE161181@fpt.edu.vn','HE161181', 'Hoàng Đức Anh');
INSERT INTO Student (accountId, studentId, studentName) VALUES ('HE163891@fpt.edu.vn','HE163891', 'Nguyễn Đức Minh');
INSERT INTO Student (accountId, studentId, studentName) VALUES ('HE164019@fpt.edu.vn','HE164019', 'Bùi Bình Minh');
INSERT INTO Student (accountId, studentId, studentName) VALUES ('HE170012@fpt.edu.vn','HE170012', 'Nguyễn Cảnh Dương');
INSERT INTO Student (accountId, studentId, studentName) VALUES ('HE170027@fpt.edu.vn','HE170027', 'Bùi Gia An');
INSERT INTO Student (accountId, studentId, studentName) VALUES ('HE170147@fpt.edu.vn','HE170147', 'Hoàng Đức Duy');
INSERT INTO Student (accountId, studentId, studentName) VALUES ('HE170167@fpt.edu.vn','HE170167', 'Đỗ Anh Sơn');
INSERT INTO Student (accountId, studentId, studentName) VALUES ('HE170273@fpt.edu.vn','HE170273', 'Lê Tùng Nguyên');
INSERT INTO Student (accountId, studentId, studentName) VALUES ('HE170301@fpt.edu.vn','HE170301', 'Nguyễn Xuân Thắng');
INSERT INTO Student (accountId, studentId, studentName) VALUES ('HE170415@fpt.edu.vn','HE170415', 'Phạm Đức Quân');
INSERT INTO Student (accountId, studentId, studentName) VALUES ('HE170607@fpt.edu.vn','HE170607', 'Hà Duy Khánh');
INSERT INTO Student (accountId, studentId, studentName) VALUES ('HE170622@fpt.edu.vn','HE170622', 'Nguyễn Thành An');
INSERT INTO Student (accountId, studentId, studentName) VALUES ('HE170724@fpt.edu.vn','HE170724', 'Đinh Bảo Ninh');
INSERT INTO Student (accountId, studentId, studentName) VALUES ('HE170960@fpt.edu.vn','HE170960', 'Hà Mạnh Đạt');
INSERT INTO Student (accountId, studentId, studentName) VALUES ('HE170999@fpt.edu.vn','HE170999', 'Nguyễn Phi Tuấn Anh');
INSERT INTO Student (accountId, studentId, studentName) VALUES ('HE171312@fpt.edu.vn','HE171312', 'Hoàng Chính Minh');
INSERT INTO Student (accountId, studentId, studentName) VALUES ('HE171411@fpt.edu.vn','HE171411', 'Đỗ Đắc Thái Dương');
INSERT INTO Student (accountId, studentId, studentName) VALUES ('HE171540@fpt.edu.vn','HE171540', 'Đỗ Văn Thành');
INSERT INTO Student (accountId, studentId, studentName) VALUES ('HE171628@fpt.edu.vn','HE171628', 'Nguyễn Tiến Thịnh');
INSERT INTO Student (accountId, studentId, studentName) VALUES ('HE172037@fpt.edu.vn','HE172037', 'Nguyễn Vinh Quang');
INSERT INTO Student (accountId, studentId, studentName) VALUES ('HE172748@fpt.edu.vn','HE172748', 'Tạ Ngọc Thanh');
INSERT INTO Student (accountId, studentId, studentName) VALUES ('HE172838@fpt.edu.vn','HE172838', 'Vương Viết Nam');
INSERT INTO Student (accountId, studentId, studentName) VALUES ('HE172848@fpt.edu.vn','HE172848', 'Nguyễn Huy Hoàng');
INSERT INTO Student (accountId, studentId, studentName) VALUES ('HE173248@fpt.edu.vn','HE173248', 'Trần Bảo Linh');
INSERT INTO Student (accountId, studentId, studentName) VALUES ('HE173588@fpt.edu.vn','HE173588', 'Lương Thanh Cường');
INSERT INTO Student (accountId, studentId, studentName) VALUES ('HE176077@fpt.edu.vn','HE176077', 'Đoàn Thành Chung');
INSERT INTO Student (accountId, studentId, studentName) VALUES ('HE176087@fpt.edu.vn','HE176087', 'Trịnh Ngọc Thái');
INSERT INTO Student (accountId, studentId, studentName) VALUES ('HE176169@fpt.edu.vn','HE176169', 'Vũ Huy Hoàng');
INSERT INTO Student (accountId, studentId, studentName) VALUES ('HE176420@fpt.edu.vn','HE176420', 'Nguyễn Thị Tú Bình');
INSERT INTO Student (accountId, studentId, studentName) VALUES ('HE176882@fpt.edu.vn','HE176882', 'Nguyễn Đình Phương Nam');
INSERT INTO Student (accountId, studentId, studentName) VALUES ('HE161285@fpt.edu.vn','HE161285', 'Lèng Đức Tiến');
INSERT INTO Student (accountId, studentId, studentName) VALUES ('HE161816@fpt.edu.vn','HE161816', 'Dương Minh Đức');
INSERT INTO Student (accountId, studentId, studentName) VALUES ('HE163067@fpt.edu.vn','HE163067', 'Lê Đức Mạnh');
INSERT INTO Student (accountId, studentId, studentName) VALUES ('HE170011@fpt.edu.vn','HE170011', 'Trần Hữu Thái');
INSERT INTO Student (accountId, studentId, studentName) VALUES ('HE170631@fpt.edu.vn','HE170631', 'Vũ Tiến Đức');
INSERT INTO Student (accountId, studentId, studentName) VALUES ('HE170685@fpt.edu.vn','HE170685', 'Khổng Mạnh Phúc');
INSERT INTO Student (accountId, studentId, studentName) VALUES ('HE170793@fpt.edu.vn','HE170793', 'Phan Việt Phương');
INSERT INTO Student (accountId, studentId, studentName) VALUES ('HE171358@fpt.edu.vn','HE171358', 'Nguyễn Quang Sự');
INSERT INTO Student (accountId, studentId, studentName) VALUES ('HE171394@fpt.edu.vn','HE171394', 'Phạm Quốc Huy');
INSERT INTO Student (accountId, studentId, studentName) VALUES ('HE171421@fpt.edu.vn','HE171421', 'Trương Mậu Dương');
INSERT INTO Student (accountId, studentId, studentName) VALUES ('HE171552@fpt.edu.vn','HE171552', 'Đàm Nguyễn Phi');
INSERT INTO Student (accountId, studentId, studentName) VALUES ('HE171908@fpt.edu.vn','HE171908', 'Lưu Công Thành');
INSERT INTO Student (accountId, studentId, studentName) VALUES ('HE171915@fpt.edu.vn','HE171915', 'Nguyễn Sỹ Quang Anh');
INSERT INTO Student (accountId, studentId, studentName) VALUES ('HE171916@fpt.edu.vn','HE171916', 'Nguyễn Quang Vinh');
INSERT INTO Student (accountId, studentId, studentName) VALUES ('HE171990@fpt.edu.vn','HE171990', 'Ma Quốc Anh');
INSERT INTO Student (accountId, studentId, studentName) VALUES ('HE172180@fpt.edu.vn','HE172180', 'Đoàn Quang Huy');
INSERT INTO Student (accountId, studentId, studentName) VALUES ('HE172280@fpt.edu.vn','HE172280', 'Nguyễn Thế Vinh');
INSERT INTO Student (accountId, studentId, studentName) VALUES ('HE172313@fpt.edu.vn','HE172313', 'Lê Việt Nam');
INSERT INTO Student (accountId, studentId, studentName) VALUES ('HE172435@fpt.edu.vn','HE172435', 'Bùi Đức Tuấn');
INSERT INTO Student (accountId, studentId, studentName) VALUES ('HE172527@fpt.edu.vn','HE172527', 'Lê Mạnh Tiến');
INSERT INTO Student (accountId, studentId, studentName) VALUES ('HE172538@fpt.edu.vn','HE172538', 'Vũ Văn Quang');
INSERT INTO Student (accountId, studentId, studentName) VALUES ('HE172702@fpt.edu.vn','HE172702', 'Đỗ Quyết Thắng');
INSERT INTO Student (accountId, studentId, studentName) VALUES ('HE172737@fpt.edu.vn','HE172737', 'Lê Thị Hoà');
INSERT INTO Student (accountId, studentId, studentName) VALUES ('HE173401@fpt.edu.vn','HE173401', 'Tạ Trường Giang');
INSERT INTO Student (accountId, studentId, studentName) VALUES ('HE173457@fpt.edu.vn','HE173457', 'Phạm Bùi Quang Huy');
INSERT INTO Student (accountId, studentId, studentName) VALUES ('HE176211@fpt.edu.vn','HE176211', 'Đỗ Trí Quân');
INSERT INTO Student (accountId, studentId, studentName) VALUES ('HE176279@fpt.edu.vn','HE176279', 'Vũ Nguyễn Tùng Lâm');
INSERT INTO Student (accountId, studentId, studentName) VALUES ('HE176633@fpt.edu.vn','HE176633', 'Phạm Đức Long');
INSERT INTO Student (accountId, studentId, studentName) VALUES ('HE176747@fpt.edu.vn','HE176747', 'Đinh Huy Hiệp');
INSERT INTO Student (accountId, studentId, studentName) VALUES ('HE150732@fpt.edu.vn','HE150732', 'Bùi Hoàng Lâm');
INSERT INTO Student (accountId, studentId, studentName) VALUES ('HE150998@fpt.edu.vn','HE150998', 'Bùi Bình Minh');
INSERT INTO Student (accountId, studentId, studentName) VALUES ('HE161224@fpt.edu.vn','HE161224', 'Phạm Văn Khiêm');
INSERT INTO Student (accountId, studentId, studentName) VALUES ('HE161597@fpt.edu.vn','HE161597', 'Phạm Trọng Thiện');
INSERT INTO Student (accountId, studentId, studentName) VALUES ('HE163629@fpt.edu.vn','HE163629', 'Lê Viết Hưng');
INSERT INTO Student (accountId, studentId, studentName) VALUES ('HE170089@fpt.edu.vn','HE170089', 'Trịnh Anh Vũ');
INSERT INTO Student (accountId, studentId, studentName) VALUES ('HE170262@fpt.edu.vn','HE170262', 'Nguyễn Thế Mạnh');
INSERT INTO Student (accountId, studentId, studentName) VALUES ('HE170318@fpt.edu.vn','HE170318', 'Nguyễn Đăng Nam');
INSERT INTO Student (accountId, studentId, studentName) VALUES ('HE170416@fpt.edu.vn','HE170416', 'Nguyễn Hoàng Ngọc');
INSERT INTO Student (accountId, studentId, studentName) VALUES ('HE171285@fpt.edu.vn','HE171285', 'Bùi Tiến Minh');
INSERT INTO Student (accountId, studentId, studentName) VALUES ('HE171377@fpt.edu.vn','HE171377', 'Trần Văn Đông');
INSERT INTO Student (accountId, studentId, studentName) VALUES ('HE171511@fpt.edu.vn','HE171511', 'Nguyễn Hoàng Hùng');
INSERT INTO Student (accountId, studentId, studentName) VALUES ('HE171558@fpt.edu.vn','HE171558', 'Nguyễn Thị Thương');
INSERT INTO Student (accountId, studentId, studentName) VALUES ('HE171827@fpt.edu.vn','HE171827', 'Nguyễn Thu Phương');
INSERT INTO Student (accountId, studentId, studentName) VALUES ('HE172058@fpt.edu.vn','HE172058', 'Phạm Anh Tú');
INSERT INTO Student (accountId, studentId, studentName) VALUES ('HE172063@fpt.edu.vn','HE172063', 'Phạm Hải Huy');
INSERT INTO Student (accountId, studentId, studentName) VALUES ('HE172083@fpt.edu.vn','HE172083', 'Trần Hoàng Anh');
INSERT INTO Student (accountId, studentId, studentName) VALUES ('HE172084@fpt.edu.vn','HE172084', 'Đặng Quốc Việt');
INSERT INTO Student (accountId, studentId, studentName) VALUES ('HE172163@fpt.edu.vn','HE172163', 'Phạm Anh Tùng');
INSERT INTO Student (accountId, studentId, studentName) VALUES ('HE172262@fpt.edu.vn','HE172262', 'Vũ Thủy Phong');
INSERT INTO Student (accountId, studentId, studentName) VALUES ('HE172386@fpt.edu.vn','HE172386', 'Nguyễn Mai Anh');
INSERT INTO Student (accountId, studentId, studentName) VALUES ('HE172398@fpt.edu.vn','HE172398', 'Lưu Lan Quỳnh Trang');
INSERT INTO Student (accountId, studentId, studentName) VALUES ('HE172460@fpt.edu.vn','HE172460', 'Nguyễn Tiến Dương');
INSERT INTO Student (accountId, studentId, studentName) VALUES ('HE172467@fpt.edu.vn','HE172467', 'Đào Minh Đức');
INSERT INTO Student (accountId, studentId, studentName) VALUES ('HE172568@fpt.edu.vn','HE172568', 'Nguyễn Thị Hương');
INSERT INTO Student (accountId, studentId, studentName) VALUES ('HE172610@fpt.edu.vn','HE172610', 'Phạm Minh Lượng');
INSERT INTO Student (accountId, studentId, studentName) VALUES ('HE172717@fpt.edu.vn','HE172717', 'Nguyễn Hoàng Nguyệt Minh');
INSERT INTO Student (accountId, studentId, studentName) VALUES ('HE172787@fpt.edu.vn','HE172787', 'Đỗ Việt Thắng');
INSERT INTO Student (accountId, studentId, studentName) VALUES ('HE172851@fpt.edu.vn','HE172851', 'Đồng Đức Quốc Huy');
INSERT INTO Student (accountId, studentId, studentName) VALUES ('HS171380@fpt.edu.vn','HS171380', 'Lê Thị Ngọc Nên');
INSERT INTO Student (accountId, studentId, studentName) VALUES ('HE161302@fpt.edu.vn','HE161302', 'Nguyễn Quốc Tiến');
INSERT INTO Student (accountId, studentId, studentName) VALUES ('HE163675@fpt.edu.vn','HE163675', 'Đỗ Anh Tú');
INSERT INTO Student (accountId, studentId, studentName) VALUES ('HE170059@fpt.edu.vn','HE170059', 'Nguyễn Tấn Đạt');
INSERT INTO Student (accountId, studentId, studentName) VALUES ('HE170141@fpt.edu.vn','HE170141', 'Nguyễn Viết Nam');
INSERT INTO Student (accountId, studentId, studentName) VALUES ('HE170176@fpt.edu.vn','HE170176', 'Lã Tùng Dương');
INSERT INTO Student (accountId, studentId, studentName) VALUES ('HE170481@fpt.edu.vn','HE170481', 'Lương Quang Vũ');
INSERT INTO Student (accountId, studentId, studentName) VALUES ('HE170646@fpt.edu.vn','HE170646', 'Mạc Đức Khương');
INSERT INTO Student (accountId, studentId, studentName) VALUES ('HE170662@fpt.edu.vn','HE170662', 'Nguyễn Huy Hoàng');
INSERT INTO Student (accountId, studentId, studentName) VALUES ('HE170738@fpt.edu.vn','HE170738', 'Đoàn Tăng Kiên');
INSERT INTO Student (accountId, studentId, studentName) VALUES ('HE170800@fpt.edu.vn','HE170800', 'Nguyễn Đức Anh');
INSERT INTO Student (accountId, studentId, studentName) VALUES ('HE170827@fpt.edu.vn','HE170827', 'Nguyễn Đình Khánh');
INSERT INTO Student (accountId, studentId, studentName) VALUES ('HE170995@fpt.edu.vn','HE170995', 'Phan Hoàng An');
INSERT INTO Student (accountId, studentId, studentName) VALUES ('HE171110@fpt.edu.vn','HE171110', 'Phạm Minh Phúc');
INSERT INTO Student (accountId, studentId, studentName) VALUES ('HE171364@fpt.edu.vn','HE171364', 'Nguyễn Bá Hà');
INSERT INTO Student (accountId, studentId, studentName) VALUES ('HE171534@fpt.edu.vn','HE171534', 'Nguyễn Văn Đạt');
INSERT INTO Student (accountId, studentId, studentName) VALUES ('HE172014@fpt.edu.vn','HE172014', 'Vũ Quang Huy');
INSERT INTO Student (accountId, studentId, studentName) VALUES ('HE172264@fpt.edu.vn','HE172264', 'Đặng Công Hùng');
INSERT INTO Student (accountId, studentId, studentName) VALUES ('HE172372@fpt.edu.vn','HE172372', 'Nguyễn Trung Kiên');
INSERT INTO Student (accountId, studentId, studentName) VALUES ('HE172701@fpt.edu.vn','HE172701', 'Lê Mạnh Cường');
INSERT INTO Student (accountId, studentId, studentName) VALUES ('HE172726@fpt.edu.vn','HE172726', 'Nguyễn Minh Dũng');
INSERT INTO Student (accountId, studentId, studentName) VALUES ('HE173209@fpt.edu.vn','HE173209', 'Nguyễn Hữu Tùng Dương');
INSERT INTO Student (accountId, studentId, studentName) VALUES ('HE173235@fpt.edu.vn','HE173235', 'Vũ Phương Nam');
INSERT INTO Student (accountId, studentId, studentName) VALUES ('HE176292@fpt.edu.vn','HE176292', 'Trịnh Đức Thắng');
INSERT INTO Student (accountId, studentId, studentName) VALUES ('HE176767@fpt.edu.vn','HE176767', 'Hoàng Việt Đức');
INSERT INTO Student (accountId, studentId, studentName) VALUES ('HE180542@fpt.edu.vn','HE180542', 'Ngô Duy Hoàng');
INSERT INTO Student (accountId, studentId, studentName) VALUES ('HE181024@fpt.edu.vn','HE181024', 'Đỗ Văn Nam Khánh');
INSERT INTO Student (accountId, studentId, studentName) VALUES ('HE181266@fpt.edu.vn','HE181266', 'Vũ Lê Anh');
INSERT INTO Student (accountId, studentId, studentName) VALUES ('HE182276@fpt.edu.vn','HE182276', 'Nguyễn Quang Anh');
INSERT INTO Student (accountId, studentId, studentName) VALUES ('HE187276@fpt.edu.vn','HE187276', 'Hoàng Phương Nam');
INSERT INTO Student (accountId, studentId, studentName) VALUES ('HE150271@fpt.edu.vn','HE150271', 'Đào Xuân Phương');
INSERT INTO Student (accountId, studentId, studentName) VALUES ('HE150862@fpt.edu.vn','HE150862', 'Phạm Tiến Đạt');
INSERT INTO Student (accountId, studentId, studentName) VALUES ('HE153487@fpt.edu.vn','HE153487', 'Trịnh Bá Hiếu');
INSERT INTO Student (accountId, studentId, studentName) VALUES ('HE160021@fpt.edu.vn','HE160021', 'Nguyễn Đình Sơn');
INSERT INTO Student (accountId, studentId, studentName) VALUES ('HE160120@fpt.edu.vn','HE160120', 'Nguyễn Thế Tùng');
INSERT INTO Student (accountId, studentId, studentName) VALUES ('HE160277@fpt.edu.vn','HE160277', 'Nguyễn Chí Thành');
INSERT INTO Student (accountId, studentId, studentName) VALUES ('HE160533@fpt.edu.vn','HE160533', 'Nguyễn Quang Minh');
INSERT INTO Student (accountId, studentId, studentName) VALUES ('HE160623@fpt.edu.vn','HE160623', 'Đinh Quang Thành');
INSERT INTO Student (accountId, studentId, studentName) VALUES ('HE160639@fpt.edu.vn','HE160639', 'Nguyễn Thị An');
INSERT INTO Student (accountId, studentId, studentName) VALUES ('HE160854@fpt.edu.vn','HE160854', 'Nguyễn Tuấn Đức');
INSERT INTO Student (accountId, studentId, studentName) VALUES ('HE160866@fpt.edu.vn','HE160866', 'Vũ Đức Huy');
INSERT INTO Student (accountId, studentId, studentName) VALUES ('HE160929@fpt.edu.vn','HE160929', 'Bùi Việt Anh');
INSERT INTO Student (accountId, studentId, studentName) VALUES ('HE160982@fpt.edu.vn','HE160982', 'Vũ Văn Tuấn');
INSERT INTO Student (accountId, studentId, studentName) VALUES ('HE161234@fpt.edu.vn','HE161234', 'Hoàng Đức Việt');
INSERT INTO Student (accountId, studentId, studentName) VALUES ('HE161475@fpt.edu.vn','HE161475', 'Vũ Thị Hà');
INSERT INTO Student (accountId, studentId, studentName) VALUES ('HE163040@fpt.edu.vn','HE163040', 'Trần Gia Bảo');
INSERT INTO Student (accountId, studentId, studentName) VALUES ('HE163063@fpt.edu.vn','HE163063', 'Nguyễn Đức Thắng');
INSERT INTO Student (accountId, studentId, studentName) VALUES ('HE163083@fpt.edu.vn','HE163083', 'Nguyễn Hoàng Anh');
INSERT INTO Student (accountId, studentId, studentName) VALUES ('HE163158@fpt.edu.vn','HE163158', 'Nguyễn Đức Huy');
INSERT INTO Student (accountId, studentId, studentName) VALUES ('HE163166@fpt.edu.vn','HE163166', 'Nguyễn Quang Vinh');
INSERT INTO Student (accountId, studentId, studentName) VALUES ('HE163193@fpt.edu.vn','HE163193', 'Lê Duy Cương');
INSERT INTO Student (accountId, studentId, studentName) VALUES ('HE163249@fpt.edu.vn','HE163249', 'Lê Hoàng Thái');
INSERT INTO Student (accountId, studentId, studentName) VALUES ('HE163283@fpt.edu.vn','HE163283', 'Nguyễn Hoàng Hiếu');
INSERT INTO Student (accountId, studentId, studentName) VALUES ('HE163359@fpt.edu.vn','HE163359', 'Nguyễn Trường Sơn');
INSERT INTO Student (accountId, studentId, studentName) VALUES ('HE163397@fpt.edu.vn','HE163397', 'Lê Hoàng Vũ');
INSERT INTO Student (accountId, studentId, studentName) VALUES ('HE163500@fpt.edu.vn','HE163500', 'Lê Tuấn Đức');
INSERT INTO Student (accountId, studentId, studentName) VALUES ('HE163639@fpt.edu.vn','HE163639', 'Nguyễn Khánh Toàn');
INSERT INTO Student (accountId, studentId, studentName) VALUES ('HE163653@fpt.edu.vn','HE163653', 'Vũ Duy Hưng');
INSERT INTO Student (accountId, studentId, studentName) VALUES ('HE163774@fpt.edu.vn','HE163774', 'Phạm Tiến Vinh');
INSERT INTO Student (accountId, studentId, studentName) VALUES ('HE163906@fpt.edu.vn','HE163906', 'Đặng Phú Hải');




INSERT INTO Instructor (instructorId, instructorName, accountId) VALUES ('sonnt5', 'Ngô Tùng Sơn', 'sonnt5@fpt.edu.vn');
INSERT INTO Instructor (instructorId, instructorName, accountId) VALUES ('thangnv75', 'Nguyễn Văn Thắng','thangnv75@fpt.edu.vn');
INSERT INTO Instructor (instructorId, instructorName, accountId) VALUES ('khuongpd', 'Phùng Duy Khương','khuongpd@fpt.edu.vn');
INSERT INTO Instructor (instructorId, instructorName, accountId) VALUES ('trungnt', 'Nguyễn Thành Trung','trungnt@fpt.edu.vn');
INSERT INTO Instructor (instructorId, instructorName, accountId) VALUES ('yennth126', 'Nguyễn Thị Hoàng Yến','yennth126@fpt.edu.vn');
INSERT INTO Instructor (instructorId, instructorName, accountId) VALUES ('khaidq6', 'Đào Quang Khải','khaidq6@fpt.edu.vn');
INSERT INTO Instructor (instructorId, instructorName, accountId) VALUES ('anhnh88', 'Nguyễn Hoàng Anh','anhnh88@fpt.edu.vn');

INSERT INTO `Role`(roleId, roleName) VALUES (1, 'Admin');
INSERT INTO `Role`(roleId, roleName) VALUES (2, 'Teacher');
INSERT INTO `Role`(roleId, roleName) VALUES (3, 'Student');

INSERT INTO Account_Role (username, roleId) VALUES ('SE03520@fpt.edu.vn',  3);
INSERT INTO Account_Role (username, roleId) VALUES ('SE04495@fpt.edu.vn',  3);
INSERT INTO Account_Role (username, roleId) VALUES ('HE150057@fpt.edu.vn', 3 );
INSERT INTO Account_Role (username, roleId) VALUES ('HE151095@fpt.edu.vn', 3 );
INSERT INTO Account_Role (username, roleId) VALUES ('HE153206@fpt.edu.vn', 3 );
INSERT INTO Account_Role (username, roleId) VALUES ('HE160694@fpt.edu.vn', 3 );
INSERT INTO Account_Role (username, roleId) VALUES ('HE161357@fpt.edu.vn', 3 );
INSERT INTO Account_Role (username, roleId) VALUES ('HE161795@fpt.edu.vn', 3 );
INSERT INTO Account_Role (username, roleId) VALUES ('HE163146@fpt.edu.vn', 3 );
INSERT INTO Account_Role (username, roleId) VALUES ('HE164035@fpt.edu.vn', 3 );
INSERT INTO Account_Role (username, roleId) VALUES ('HE170051@fpt.edu.vn', 3 );
INSERT INTO Account_Role (username, roleId) VALUES ('HE170245@fpt.edu.vn', 3 );
INSERT INTO Account_Role (username, roleId) VALUES ('HE170422@fpt.edu.vn', 3 );
INSERT INTO Account_Role (username, roleId) VALUES ('HE170428@fpt.edu.vn', 3 );
INSERT INTO Account_Role (username, roleId) VALUES ('HE170444@fpt.edu.vn', 3 );
INSERT INTO Account_Role (username, roleId) VALUES ('HE170533@fpt.edu.vn', 3 );
INSERT INTO Account_Role (username, roleId) VALUES ('HE170842@fpt.edu.vn', 3 );
INSERT INTO Account_Role (username, roleId) VALUES ('HE170863@fpt.edu.vn', 3 );
INSERT INTO Account_Role (username, roleId) VALUES ('HE170907@fpt.edu.vn', 3 );
INSERT INTO Account_Role (username, roleId) VALUES ('HE170996@fpt.edu.vn', 3 );
INSERT INTO Account_Role (username, roleId) VALUES ('HE171071@fpt.edu.vn', 3 );
INSERT INTO Account_Role (username, roleId) VALUES ('HE171073@fpt.edu.vn', 3 );
INSERT INTO Account_Role (username, roleId) VALUES ('HE171162@fpt.edu.vn', 3 );
INSERT INTO Account_Role (username, roleId) VALUES ('HE171442@fpt.edu.vn', 3 );
INSERT INTO Account_Role (username, roleId) VALUES ('HE171482@fpt.edu.vn', 3 );
INSERT INTO Account_Role (username, roleId) VALUES ('HE171578@fpt.edu.vn', 3 );
INSERT INTO Account_Role (username, roleId) VALUES ('HE171687@fpt.edu.vn', 3 );
INSERT INTO Account_Role (username, roleId) VALUES ('HE171851@fpt.edu.vn', 3 );
INSERT INTO Account_Role (username, roleId) VALUES ('HE171865@fpt.edu.vn', 3 );
INSERT INTO Account_Role (username, roleId) VALUES ('HE176182@fpt.edu.vn', 3 );
INSERT INTO Account_Role (username, roleId) VALUES ('HE176697@fpt.edu.vn', 3 );
INSERT INTO Account_Role (username, roleId) VALUES ('HE176751@fpt.edu.vn', 3 );
INSERT INTO Account_Role (username, roleId) VALUES ('HE153263@fpt.edu.vn', 3 );
INSERT INTO Account_Role (username, roleId) VALUES ('HE153535@fpt.edu.vn', 3 );
INSERT INTO Account_Role (username, roleId) VALUES ('HE160914@fpt.edu.vn', 3 );
INSERT INTO Account_Role (username, roleId) VALUES ('HE161145@fpt.edu.vn', 3 );
INSERT INTO Account_Role (username, roleId) VALUES ('HE161544@fpt.edu.vn', 3 );
INSERT INTO Account_Role (username, roleId) VALUES ('HE161706@fpt.edu.vn', 3 );
INSERT INTO Account_Role (username, roleId) VALUES ('HE161800@fpt.edu.vn', 3 );
INSERT INTO Account_Role (username, roleId) VALUES ('HE161832@fpt.edu.vn', 3 );
INSERT INTO Account_Role (username, roleId) VALUES ('HE160071@fpt.edu.vn', 3 );
INSERT INTO Account_Role (username, roleId) VALUES ('HE140639@fpt.edu.vn', 3 );
INSERT INTO Account_Role (username, roleId) VALUES ('HE140842@fpt.edu.vn', 3 );
INSERT INTO Account_Role (username, roleId) VALUES ('HE161139@fpt.edu.vn', 3 );
INSERT INTO Account_Role (username, roleId) VALUES ('HE161481@fpt.edu.vn', 3 );
INSERT INTO Account_Role (username, roleId) VALUES ('HE161512@fpt.edu.vn', 3 );
INSERT INTO Account_Role (username, roleId) VALUES ('HE161733@fpt.edu.vn', 3 );
INSERT INTO Account_Role (username, roleId) VALUES ('HE161869@fpt.edu.vn', 3 );
INSERT INTO Account_Role (username, roleId) VALUES ('HE140339@fpt.edu.vn', 3 );
INSERT INTO Account_Role (username, roleId) VALUES ('HE150282@fpt.edu.vn', 3 );
INSERT INTO Account_Role (username, roleId) VALUES ('HE160625@fpt.edu.vn', 3 );
INSERT INTO Account_Role (username, roleId) VALUES ('HE160682@fpt.edu.vn', 3 );
INSERT INTO Account_Role (username, roleId) VALUES ('HE161469@fpt.edu.vn', 3 );
INSERT INTO Account_Role (username, roleId) VALUES ('HE161861@fpt.edu.vn', 3 );
INSERT INTO Account_Role (username, roleId) VALUES ('HE161875@fpt.edu.vn', 3 );
INSERT INTO Account_Role (username, roleId) VALUES ('HE161882@fpt.edu.vn', 3 );
INSERT INTO Account_Role (username, roleId) VALUES ('HE161918@fpt.edu.vn', 3 );
INSERT INTO Account_Role (username, roleId) VALUES ('HE163001@fpt.edu.vn', 3 );
INSERT INTO Account_Role (username, roleId) VALUES ('HE163154@fpt.edu.vn', 3 );
INSERT INTO Account_Role (username, roleId) VALUES ('HE163233@fpt.edu.vn', 3 );
INSERT INTO Account_Role (username, roleId) VALUES ('HE171163@fpt.edu.vn', 3 );
INSERT INTO Account_Role (username, roleId) VALUES ('HE171403@fpt.edu.vn', 3 );
INSERT INTO Account_Role (username, roleId) VALUES ('HE171408@fpt.edu.vn', 3 );
INSERT INTO Account_Role (username, roleId) VALUES ('HE171590@fpt.edu.vn', 3 );
INSERT INTO Account_Role (username, roleId) VALUES ('HE171985@fpt.edu.vn', 3 );
INSERT INTO Account_Role (username, roleId) VALUES ('HE172734@fpt.edu.vn', 3 );
INSERT INTO Account_Role (username, roleId) VALUES ('HE172742@fpt.edu.vn', 3 );
INSERT INTO Account_Role (username, roleId) VALUES ('HE173033@fpt.edu.vn', 3 );
INSERT INTO Account_Role (username, roleId) VALUES ('HE176160@fpt.edu.vn', 3 );
INSERT INTO Account_Role (username, roleId) VALUES ('HE176187@fpt.edu.vn', 3 );
INSERT INTO Account_Role (username, roleId) VALUES ('HE176230@fpt.edu.vn', 3 );
INSERT INTO Account_Role (username, roleId) VALUES ('HE176586@fpt.edu.vn', 3 );
INSERT INTO Account_Role (username, roleId) VALUES ('HS160715@fpt.edu.vn', 3 );
INSERT INTO Account_Role (username, roleId) VALUES ('DE170703@fpt.edu.vn', 3 );
INSERT INTO Account_Role (username, roleId) VALUES ('HE163415@fpt.edu.vn', 3 );
INSERT INTO Account_Role (username, roleId) VALUES ('HE164044@fpt.edu.vn', 3 );
INSERT INTO Account_Role (username, roleId) VALUES ('HE170180@fpt.edu.vn', 3 );
INSERT INTO Account_Role (username, roleId) VALUES ('HE170595@fpt.edu.vn', 3 );
INSERT INTO Account_Role (username, roleId) VALUES ('HE171098@fpt.edu.vn', 3 );
INSERT INTO Account_Role (username, roleId) VALUES ('HE171319@fpt.edu.vn', 3 );
INSERT INTO Account_Role (username, roleId) VALUES ('HE171320@fpt.edu.vn', 3 );
INSERT INTO Account_Role (username, roleId) VALUES ('HE171416@fpt.edu.vn', 3 );
INSERT INTO Account_Role (username, roleId) VALUES ('HE171702@fpt.edu.vn', 3 );
INSERT INTO Account_Role (username, roleId) VALUES ('HE171937@fpt.edu.vn', 3 );
INSERT INTO Account_Role (username, roleId) VALUES ('HE172032@fpt.edu.vn', 3 );
INSERT INTO Account_Role (username, roleId) VALUES ('HE173037@fpt.edu.vn', 3 );
INSERT INTO Account_Role (username, roleId) VALUES ('HE173046@fpt.edu.vn', 3 );
INSERT INTO Account_Role (username, roleId) VALUES ('HE176640@fpt.edu.vn', 3 );
INSERT INTO Account_Role (username, roleId) VALUES ('HE181829@fpt.edu.vn', 3 );
INSERT INTO Account_Role (username, roleId) VALUES ('HE181879@fpt.edu.vn', 3 );
INSERT INTO Account_Role (username, roleId) VALUES ('HS170024@fpt.edu.vn', 3 );
INSERT INTO Account_Role (username, roleId) VALUES ('HS170726@fpt.edu.vn', 3 );
INSERT INTO Account_Role (username, roleId) VALUES ('HS173175@fpt.edu.vn', 3 );
INSERT INTO Account_Role (username, roleId) VALUES ('HS176033@fpt.edu.vn', 3 );
INSERT INTO Account_Role (username, roleId) VALUES ('HE153678@fpt.edu.vn', 3 );
INSERT INTO Account_Role (username, roleId) VALUES ('HE161700@fpt.edu.vn', 3 );
INSERT INTO Account_Role (username, roleId) VALUES ('HE161755@fpt.edu.vn', 3 );
INSERT INTO Account_Role (username, roleId) VALUES ('HE163635@fpt.edu.vn', 3 );
INSERT INTO Account_Role (username, roleId) VALUES ('HE170072@fpt.edu.vn', 3 );
INSERT INTO Account_Role (username, roleId) VALUES ('HE170201@fpt.edu.vn', 3 );
INSERT INTO Account_Role (username, roleId) VALUES ('HE170203@fpt.edu.vn', 3 );
INSERT INTO Account_Role (username, roleId) VALUES ('HE170420@fpt.edu.vn', 3 );
INSERT INTO Account_Role (username, roleId) VALUES ('HE170617@fpt.edu.vn', 3 );
INSERT INTO Account_Role (username, roleId) VALUES ('HE171209@fpt.edu.vn', 3 );
INSERT INTO Account_Role (username, roleId) VALUES ('HE171310@fpt.edu.vn', 3 );
INSERT INTO Account_Role (username, roleId) VALUES ('HE171883@fpt.edu.vn', 3 );
INSERT INTO Account_Role (username, roleId) VALUES ('HE172207@fpt.edu.vn', 3 );
INSERT INTO Account_Role (username, roleId) VALUES ('HE172366@fpt.edu.vn', 3 );
INSERT INTO Account_Role (username, roleId) VALUES ('HE172533@fpt.edu.vn', 3 );
INSERT INTO Account_Role (username, roleId) VALUES ('HE172693@fpt.edu.vn', 3 );
INSERT INTO Account_Role (username, roleId) VALUES ('HE172802@fpt.edu.vn', 3 );
INSERT INTO Account_Role (username, roleId) VALUES ('HE173328@fpt.edu.vn', 3 );
INSERT INTO Account_Role (username, roleId) VALUES ('HE173373@fpt.edu.vn', 3 );
INSERT INTO Account_Role (username, roleId) VALUES ('HE173476@fpt.edu.vn', 3 );
INSERT INTO Account_Role (username, roleId) VALUES ('HE173489@fpt.edu.vn', 3 );
INSERT INTO Account_Role (username, roleId) VALUES ('HE176275@fpt.edu.vn', 3 );
INSERT INTO Account_Role (username, roleId) VALUES ('HE176282@fpt.edu.vn', 3 );
INSERT INTO Account_Role (username, roleId) VALUES ('HE176285@fpt.edu.vn', 3 );
INSERT INTO Account_Role (username, roleId) VALUES ('HE176346@fpt.edu.vn', 3 );
INSERT INTO Account_Role (username, roleId) VALUES ('HE176360@fpt.edu.vn', 3 );
INSERT INTO Account_Role (username, roleId) VALUES ('HE176603@fpt.edu.vn', 3 );
INSERT INTO Account_Role (username, roleId) VALUES ('HE176686@fpt.edu.vn', 3 );
INSERT INTO Account_Role (username, roleId) VALUES ('HE176834@fpt.edu.vn', 3 );
INSERT INTO Account_Role (username, roleId) VALUES ('HE161232@fpt.edu.vn', 3 );
INSERT INTO Account_Role (username, roleId) VALUES ('HE161643@fpt.edu.vn', 3 );
INSERT INTO Account_Role (username, roleId) VALUES ('HE163665@fpt.edu.vn', 3 );
INSERT INTO Account_Role (username, roleId) VALUES ('HE170123@fpt.edu.vn', 3 );
INSERT INTO Account_Role (username, roleId) VALUES ('HE170268@fpt.edu.vn', 3 );
INSERT INTO Account_Role (username, roleId) VALUES ('HE170302@fpt.edu.vn', 3 );
INSERT INTO Account_Role (username, roleId) VALUES ('HE170314@fpt.edu.vn', 3 );
INSERT INTO Account_Role (username, roleId) VALUES ('HE170317@fpt.edu.vn', 3 );
INSERT INTO Account_Role (username, roleId) VALUES ('HE170436@fpt.edu.vn', 3 );
INSERT INTO Account_Role (username, roleId) VALUES ('HE170593@fpt.edu.vn', 3 );
INSERT INTO Account_Role (username, roleId) VALUES ('HE170625@fpt.edu.vn', 3 );
INSERT INTO Account_Role (username, roleId) VALUES ('HE170663@fpt.edu.vn', 3 );
INSERT INTO Account_Role (username, roleId) VALUES ('HE170911@fpt.edu.vn', 3 );
INSERT INTO Account_Role (username, roleId) VALUES ('HE170966@fpt.edu.vn', 3 );
INSERT INTO Account_Role (username, roleId) VALUES ('HE171116@fpt.edu.vn', 3 );
INSERT INTO Account_Role (username, roleId) VALUES ('HE171271@fpt.edu.vn', 3 );
INSERT INTO Account_Role (username, roleId) VALUES ('HE171494@fpt.edu.vn', 3 );
INSERT INTO Account_Role (username, roleId) VALUES ('HE171519@fpt.edu.vn', 3 );
INSERT INTO Account_Role (username, roleId) VALUES ('HE171547@fpt.edu.vn', 3 );
INSERT INTO Account_Role (username, roleId) VALUES ('HE171589@fpt.edu.vn', 3 );
INSERT INTO Account_Role (username, roleId) VALUES ('HE171601@fpt.edu.vn', 3 );
INSERT INTO Account_Role (username, roleId) VALUES ('HE172039@fpt.edu.vn', 3 );
INSERT INTO Account_Role (username, roleId) VALUES ('HE172040@fpt.edu.vn', 3 );
INSERT INTO Account_Role (username, roleId) VALUES ('HE172095@fpt.edu.vn', 3 );
INSERT INTO Account_Role (username, roleId) VALUES ('HE172175@fpt.edu.vn', 3 );
INSERT INTO Account_Role (username, roleId) VALUES ('HE172860@fpt.edu.vn', 3 );
INSERT INTO Account_Role (username, roleId) VALUES ('HE172875@fpt.edu.vn', 3 );
INSERT INTO Account_Role (username, roleId) VALUES ('HE176347@fpt.edu.vn', 3 );
INSERT INTO Account_Role (username, roleId) VALUES ('HE176485@fpt.edu.vn', 3 );
INSERT INTO Account_Role (username, roleId) VALUES ('HE176673@fpt.edu.vn', 3 );
INSERT INTO Account_Role (username, roleId) VALUES ('HE130464@fpt.edu.vn', 3 );
INSERT INTO Account_Role (username, roleId) VALUES ('HE170038@fpt.edu.vn', 3 );
INSERT INTO Account_Role (username, roleId) VALUES ('HE170351@fpt.edu.vn', 3 );
INSERT INTO Account_Role (username, roleId) VALUES ('HE170459@fpt.edu.vn', 3 );
INSERT INTO Account_Role (username, roleId) VALUES ('HE170704@fpt.edu.vn', 3 );
INSERT INTO Account_Role (username, roleId) VALUES ('HE170855@fpt.edu.vn', 3 );
INSERT INTO Account_Role (username, roleId) VALUES ('HE170913@fpt.edu.vn', 3 );
INSERT INTO Account_Role (username, roleId) VALUES ('HE171112@fpt.edu.vn', 3 );
INSERT INTO Account_Role (username, roleId) VALUES ('HE171153@fpt.edu.vn', 3 );
INSERT INTO Account_Role (username, roleId) VALUES ('HE171284@fpt.edu.vn', 3 );
INSERT INTO Account_Role (username, roleId) VALUES ('HE171454@fpt.edu.vn', 3 );
INSERT INTO Account_Role (username, roleId) VALUES ('HE171518@fpt.edu.vn', 3 );
INSERT INTO Account_Role (username, roleId) VALUES ('HE171587@fpt.edu.vn', 3 );
INSERT INTO Account_Role (username, roleId) VALUES ('HE171927@fpt.edu.vn', 3 );
INSERT INTO Account_Role (username, roleId) VALUES ('HE172073@fpt.edu.vn', 3 );
INSERT INTO Account_Role (username, roleId) VALUES ('HE172273@fpt.edu.vn', 3 );
INSERT INTO Account_Role (username, roleId) VALUES ('HE172339@fpt.edu.vn', 3 );
INSERT INTO Account_Role (username, roleId) VALUES ('HE172486@fpt.edu.vn', 3 );
INSERT INTO Account_Role (username, roleId) VALUES ('HE172517@fpt.edu.vn', 3 );
INSERT INTO Account_Role (username, roleId) VALUES ('HE172525@fpt.edu.vn', 3 );
INSERT INTO Account_Role (username, roleId) VALUES ('HE172826@fpt.edu.vn', 3 );
INSERT INTO Account_Role (username, roleId) VALUES ('HE173222@fpt.edu.vn', 3 );
INSERT INTO Account_Role (username, roleId) VALUES ('HE173258@fpt.edu.vn', 3 );
INSERT INTO Account_Role (username, roleId) VALUES ('HE176027@fpt.edu.vn', 3 );
INSERT INTO Account_Role (username, roleId) VALUES ('HE176125@fpt.edu.vn', 3 );
INSERT INTO Account_Role (username, roleId) VALUES ('HE176256@fpt.edu.vn', 3 );
INSERT INTO Account_Role (username, roleId) VALUES ('HE176715@fpt.edu.vn', 3 );
INSERT INTO Account_Role (username, roleId) VALUES ('HE176743@fpt.edu.vn', 3 );
INSERT INTO Account_Role (username, roleId) VALUES ('HE176810@fpt.edu.vn', 3 );
INSERT INTO Account_Role (username, roleId) VALUES ('HE181414@fpt.edu.vn', 3 );
INSERT INTO Account_Role (username, roleId) VALUES ('HE151390@fpt.edu.vn', 3 );
INSERT INTO Account_Role (username, roleId) VALUES ('HE161152@fpt.edu.vn', 3 );
INSERT INTO Account_Role (username, roleId) VALUES ('HE161165@fpt.edu.vn', 3 );
INSERT INTO Account_Role (username, roleId) VALUES ('HE161181@fpt.edu.vn', 3 );
INSERT INTO Account_Role (username, roleId) VALUES ('HE163891@fpt.edu.vn', 3 );
INSERT INTO Account_Role (username, roleId) VALUES ('HE164019@fpt.edu.vn', 3 );
INSERT INTO Account_Role (username, roleId) VALUES ('HE170012@fpt.edu.vn', 3 );
INSERT INTO Account_Role (username, roleId) VALUES ('HE170027@fpt.edu.vn', 3 );
INSERT INTO Account_Role (username, roleId) VALUES ('HE170147@fpt.edu.vn', 3 );
INSERT INTO Account_Role (username, roleId) VALUES ('HE170167@fpt.edu.vn', 3 );
INSERT INTO Account_Role (username, roleId) VALUES ('HE170273@fpt.edu.vn', 3 );
INSERT INTO Account_Role (username, roleId) VALUES ('HE170301@fpt.edu.vn', 3 );
INSERT INTO Account_Role (username, roleId) VALUES ('HE170415@fpt.edu.vn', 3 );
INSERT INTO Account_Role (username, roleId) VALUES ('HE170607@fpt.edu.vn', 3 );
INSERT INTO Account_Role (username, roleId) VALUES ('HE170622@fpt.edu.vn', 3 );
INSERT INTO Account_Role (username, roleId) VALUES ('HE170724@fpt.edu.vn', 3 );
INSERT INTO Account_Role (username, roleId) VALUES ('HE170960@fpt.edu.vn', 3 );
INSERT INTO Account_Role (username, roleId) VALUES ('HE170999@fpt.edu.vn', 3 );
INSERT INTO Account_Role (username, roleId) VALUES ('HE171312@fpt.edu.vn', 3 );
INSERT INTO Account_Role (username, roleId) VALUES ('HE171411@fpt.edu.vn', 3 );
INSERT INTO Account_Role (username, roleId) VALUES ('HE171540@fpt.edu.vn', 3 );
INSERT INTO Account_Role (username, roleId) VALUES ('HE171628@fpt.edu.vn', 3 );
INSERT INTO Account_Role (username, roleId) VALUES ('HE172037@fpt.edu.vn', 3 );
INSERT INTO Account_Role (username, roleId) VALUES ('HE172748@fpt.edu.vn', 3 );
INSERT INTO Account_Role (username, roleId) VALUES ('HE172838@fpt.edu.vn', 3 );
INSERT INTO Account_Role (username, roleId) VALUES ('HE172848@fpt.edu.vn', 3 );
INSERT INTO Account_Role (username, roleId) VALUES ('HE173248@fpt.edu.vn', 3 );
INSERT INTO Account_Role (username, roleId) VALUES ('HE173588@fpt.edu.vn', 3 );
INSERT INTO Account_Role (username, roleId) VALUES ('HE176077@fpt.edu.vn', 3 );
INSERT INTO Account_Role (username, roleId) VALUES ('HE176087@fpt.edu.vn', 3 );
INSERT INTO Account_Role (username, roleId) VALUES ('HE176169@fpt.edu.vn', 3 );
INSERT INTO Account_Role (username, roleId) VALUES ('HE176420@fpt.edu.vn', 3 );
INSERT INTO Account_Role (username, roleId) VALUES ('HE176882@fpt.edu.vn', 3 );
INSERT INTO Account_Role (username, roleId) VALUES ('HE161285@fpt.edu.vn', 3 );
INSERT INTO Account_Role (username, roleId) VALUES ('HE161816@fpt.edu.vn', 3 );
INSERT INTO Account_Role (username, roleId) VALUES ('HE163067@fpt.edu.vn', 3 );
INSERT INTO Account_Role (username, roleId) VALUES ('HE170011@fpt.edu.vn', 3 );
INSERT INTO Account_Role (username, roleId) VALUES ('HE170631@fpt.edu.vn', 3 );
INSERT INTO Account_Role (username, roleId) VALUES ('HE170685@fpt.edu.vn', 3 );
INSERT INTO Account_Role (username, roleId) VALUES ('HE170793@fpt.edu.vn', 3 );
INSERT INTO Account_Role (username, roleId) VALUES ('HE171358@fpt.edu.vn', 3 );
INSERT INTO Account_Role (username, roleId) VALUES ('HE171394@fpt.edu.vn', 3 );
INSERT INTO Account_Role (username, roleId) VALUES ('HE171421@fpt.edu.vn', 3 );
INSERT INTO Account_Role (username, roleId) VALUES ('HE171552@fpt.edu.vn', 3 );
INSERT INTO Account_Role (username, roleId) VALUES ('HE171908@fpt.edu.vn', 3 );
INSERT INTO Account_Role (username, roleId) VALUES ('HE171915@fpt.edu.vn', 3 );
INSERT INTO Account_Role (username, roleId) VALUES ('HE171916@fpt.edu.vn', 3 );
INSERT INTO Account_Role (username, roleId) VALUES ('HE171990@fpt.edu.vn', 3 );
INSERT INTO Account_Role (username, roleId) VALUES ('HE172180@fpt.edu.vn', 3 );
INSERT INTO Account_Role (username, roleId) VALUES ('HE172280@fpt.edu.vn', 3 );
INSERT INTO Account_Role (username, roleId) VALUES ('HE172313@fpt.edu.vn', 3 );
INSERT INTO Account_Role (username, roleId) VALUES ('HE172435@fpt.edu.vn', 3 );
INSERT INTO Account_Role (username, roleId) VALUES ('HE172527@fpt.edu.vn', 3 );
INSERT INTO Account_Role (username, roleId) VALUES ('HE172538@fpt.edu.vn', 3 );
INSERT INTO Account_Role (username, roleId) VALUES ('HE172702@fpt.edu.vn', 3 );
INSERT INTO Account_Role (username, roleId) VALUES ('HE172737@fpt.edu.vn', 3 );
INSERT INTO Account_Role (username, roleId) VALUES ('HE173401@fpt.edu.vn', 3 );
INSERT INTO Account_Role (username, roleId) VALUES ('HE173457@fpt.edu.vn', 3 );
INSERT INTO Account_Role (username, roleId) VALUES ('HE176211@fpt.edu.vn', 3 );
INSERT INTO Account_Role (username, roleId) VALUES ('HE176279@fpt.edu.vn', 3 );
INSERT INTO Account_Role (username, roleId) VALUES ('HE176633@fpt.edu.vn', 3 );
INSERT INTO Account_Role (username, roleId) VALUES ('HE176747@fpt.edu.vn', 3 );
INSERT INTO Account_Role (username, roleId) VALUES ('HE150732@fpt.edu.vn', 3 );
INSERT INTO Account_Role (username, roleId) VALUES ('HE150998@fpt.edu.vn', 3 );
INSERT INTO Account_Role (username, roleId) VALUES ('HE161224@fpt.edu.vn', 3 );
INSERT INTO Account_Role (username, roleId) VALUES ('HE161597@fpt.edu.vn', 3 );
INSERT INTO Account_Role (username, roleId) VALUES ('HE163629@fpt.edu.vn', 3 );
INSERT INTO Account_Role (username, roleId) VALUES ('HE170089@fpt.edu.vn', 3 );
INSERT INTO Account_Role (username, roleId) VALUES ('HE170262@fpt.edu.vn', 3 );
INSERT INTO Account_Role (username, roleId) VALUES ('HE170318@fpt.edu.vn', 3 );
INSERT INTO Account_Role (username, roleId) VALUES ('HE170416@fpt.edu.vn', 3 );
INSERT INTO Account_Role (username, roleId) VALUES ('HE171285@fpt.edu.vn', 3 );
INSERT INTO Account_Role (username, roleId) VALUES ('HE171377@fpt.edu.vn', 3 );
INSERT INTO Account_Role (username, roleId) VALUES ('HE171511@fpt.edu.vn', 3 );
INSERT INTO Account_Role (username, roleId) VALUES ('HE171558@fpt.edu.vn', 3 );
INSERT INTO Account_Role (username, roleId) VALUES ('HE171827@fpt.edu.vn', 3 );
INSERT INTO Account_Role (username, roleId) VALUES ('HE172058@fpt.edu.vn', 3 );
INSERT INTO Account_Role (username, roleId) VALUES ('HE172063@fpt.edu.vn', 3 );
INSERT INTO Account_Role (username, roleId) VALUES ('HE172083@fpt.edu.vn', 3 );
INSERT INTO Account_Role (username, roleId) VALUES ('HE172084@fpt.edu.vn', 3 );
INSERT INTO Account_Role (username, roleId) VALUES ('HE172163@fpt.edu.vn', 3 );
INSERT INTO Account_Role (username, roleId) VALUES ('HE172262@fpt.edu.vn', 3 );
INSERT INTO Account_Role (username, roleId) VALUES ('HE172386@fpt.edu.vn', 3 );
INSERT INTO Account_Role (username, roleId) VALUES ('HE172398@fpt.edu.vn', 3 );
INSERT INTO Account_Role (username, roleId) VALUES ('HE172460@fpt.edu.vn', 3 );
INSERT INTO Account_Role (username, roleId) VALUES ('HE172467@fpt.edu.vn', 3 );
INSERT INTO Account_Role (username, roleId) VALUES ('HE172568@fpt.edu.vn', 3 );
INSERT INTO Account_Role (username, roleId) VALUES ('HE172610@fpt.edu.vn', 3 );
INSERT INTO Account_Role (username, roleId) VALUES ('HE172717@fpt.edu.vn', 3 );
INSERT INTO Account_Role (username, roleId) VALUES ('HE172787@fpt.edu.vn', 3 );
INSERT INTO Account_Role (username, roleId) VALUES ('HE172851@fpt.edu.vn', 3 );
INSERT INTO Account_Role (username, roleId) VALUES ('HS171380@fpt.edu.vn', 3 );
INSERT INTO Account_Role (username, roleId) VALUES ('HE161302@fpt.edu.vn', 3 );
INSERT INTO Account_Role (username, roleId) VALUES ('HE163675@fpt.edu.vn', 3 );
INSERT INTO Account_Role (username, roleId) VALUES ('HE170059@fpt.edu.vn', 3 );
INSERT INTO Account_Role (username, roleId) VALUES ('HE170141@fpt.edu.vn', 3 );
INSERT INTO Account_Role (username, roleId) VALUES ('HE170176@fpt.edu.vn', 3 );
INSERT INTO Account_Role (username, roleId) VALUES ('HE170481@fpt.edu.vn', 3 );
INSERT INTO Account_Role (username, roleId) VALUES ('HE170646@fpt.edu.vn', 3 );
INSERT INTO Account_Role (username, roleId) VALUES ('HE170662@fpt.edu.vn', 3 );
INSERT INTO Account_Role (username, roleId) VALUES ('HE170738@fpt.edu.vn', 3 );
INSERT INTO Account_Role (username, roleId) VALUES ('HE170800@fpt.edu.vn', 3 );
INSERT INTO Account_Role (username, roleId) VALUES ('HE170827@fpt.edu.vn', 3 );
INSERT INTO Account_Role (username, roleId) VALUES ('HE170995@fpt.edu.vn', 3 );
INSERT INTO Account_Role (username, roleId) VALUES ('HE171110@fpt.edu.vn', 3 );
INSERT INTO Account_Role (username, roleId) VALUES ('HE171364@fpt.edu.vn', 3 );
INSERT INTO Account_Role (username, roleId) VALUES ('HE171534@fpt.edu.vn', 3 );
INSERT INTO Account_Role (username, roleId) VALUES ('HE172014@fpt.edu.vn', 3 );
INSERT INTO Account_Role (username, roleId) VALUES ('HE172264@fpt.edu.vn', 3 );
INSERT INTO Account_Role (username, roleId) VALUES ('HE172372@fpt.edu.vn', 3 );
INSERT INTO Account_Role (username, roleId) VALUES ('HE172701@fpt.edu.vn', 3 );
INSERT INTO Account_Role (username, roleId) VALUES ('HE172726@fpt.edu.vn', 3 );
INSERT INTO Account_Role (username, roleId) VALUES ('HE173209@fpt.edu.vn', 3 );
INSERT INTO Account_Role (username, roleId) VALUES ('HE173235@fpt.edu.vn', 3 );
INSERT INTO Account_Role (username, roleId) VALUES ('HE176292@fpt.edu.vn', 3 );
INSERT INTO Account_Role (username, roleId) VALUES ('HE176767@fpt.edu.vn', 3 );
INSERT INTO Account_Role (username, roleId) VALUES ('HE180542@fpt.edu.vn', 3 );
INSERT INTO Account_Role (username, roleId) VALUES ('HE181024@fpt.edu.vn', 3 );
INSERT INTO Account_Role (username, roleId) VALUES ('HE181266@fpt.edu.vn', 3 );
INSERT INTO Account_Role (username, roleId) VALUES ('HE182276@fpt.edu.vn', 3 );
INSERT INTO Account_Role (username, roleId) VALUES ('HE187276@fpt.edu.vn', 3 );
INSERT INTO Account_Role (username, roleId) VALUES ('HE150271@fpt.edu.vn', 3 );
INSERT INTO Account_Role (username, roleId) VALUES ('HE150862@fpt.edu.vn', 3 );
INSERT INTO Account_Role (username, roleId) VALUES ('HE153487@fpt.edu.vn', 3 );
INSERT INTO Account_Role (username, roleId) VALUES ('HE160021@fpt.edu.vn', 3 );
INSERT INTO Account_Role (username, roleId) VALUES ('HE160120@fpt.edu.vn', 3 );
INSERT INTO Account_Role (username, roleId) VALUES ('HE160277@fpt.edu.vn', 3 );
INSERT INTO Account_Role (username, roleId) VALUES ('HE160533@fpt.edu.vn', 3 );
INSERT INTO Account_Role (username, roleId) VALUES ('HE160623@fpt.edu.vn', 3 );
INSERT INTO Account_Role (username, roleId) VALUES ('HE160639@fpt.edu.vn', 3 );
INSERT INTO Account_Role (username, roleId) VALUES ('HE160854@fpt.edu.vn', 3 );
INSERT INTO Account_Role (username, roleId) VALUES ('HE160866@fpt.edu.vn', 3 );
INSERT INTO Account_Role (username, roleId) VALUES ('HE160929@fpt.edu.vn', 3 );
INSERT INTO Account_Role (username, roleId) VALUES ('HE160982@fpt.edu.vn', 3 );
INSERT INTO Account_Role (username, roleId) VALUES ('HE161234@fpt.edu.vn', 3 );
INSERT INTO Account_Role (username, roleId) VALUES ('HE161475@fpt.edu.vn', 3 );
INSERT INTO Account_Role (username, roleId) VALUES ('HE163040@fpt.edu.vn', 3 );
INSERT INTO Account_Role (username, roleId) VALUES ('HE163063@fpt.edu.vn', 3 );
INSERT INTO Account_Role (username, roleId) VALUES ('HE163083@fpt.edu.vn', 3 );
INSERT INTO Account_Role (username, roleId) VALUES ('HE163158@fpt.edu.vn', 3 );
INSERT INTO Account_Role (username, roleId) VALUES ('HE163166@fpt.edu.vn', 3 );
INSERT INTO Account_Role (username, roleId) VALUES ('HE163193@fpt.edu.vn', 3 );
INSERT INTO Account_Role (username, roleId) VALUES ('HE163249@fpt.edu.vn', 3 );
INSERT INTO Account_Role (username, roleId) VALUES ('HE163283@fpt.edu.vn', 3 );
INSERT INTO Account_Role (username, roleId) VALUES ('HE163359@fpt.edu.vn', 3 );
INSERT INTO Account_Role (username, roleId) VALUES ('HE163397@fpt.edu.vn', 3 );
INSERT INTO Account_Role (username, roleId) VALUES ('HE163500@fpt.edu.vn', 3 );
INSERT INTO Account_Role (username, roleId) VALUES ('HE163639@fpt.edu.vn', 3 );
INSERT INTO Account_Role (username, roleId) VALUES ('HE163653@fpt.edu.vn', 3 );
INSERT INTO Account_Role (username, roleId) VALUES ('HE163774@fpt.edu.vn', 3 );
INSERT INTO Account_Role (username, roleId) VALUES ('HE163906@fpt.edu.vn', 3 );
INSERT INTO Account_Role (username, roleId) VALUES ('sonnt5@fpt.edu.vn', 2);
INSERT INTO Account_Role (username, roleId) VALUES ('thangnv75@fpt.edu.vn', 2);
INSERT INTO Account_Role (username, roleId) VALUES ('khuongpd@fpt.edu.vn', 2);
INSERT INTO Account_Role (username, roleId) VALUES ('trungnt@fpt.edu.vn', 2);
INSERT INTO Account_Role (username, roleId) VALUES ('yennth126@fpt.edu.vn', 2);
INSERT INTO Account_Role (username, roleId) VALUES ('khaidq6@fpt.edu.vn', 2);
INSERT INTO Account_Role (username, roleId) VALUES ('anhnh88@fpt.edu.vn', 2);


INSERT INTO Feature (featureId, featureName, `url`) VALUES (1,	'Timetable for Instructor', '/instructor/timetable');
INSERT INTO Feature (featureId, featureName, `url`) VALUES (2,	'Timetable for Student', '/student/timetable');
INSERT INTO Feature (featureId, featureName, `url`) VALUES (3,	'Take Attendance for Student','/instructor/takeattend');
INSERT INTO Feature (featureId, featureName, `url`) VALUES (4,	'Report Attendance of Group','/instructor/reportattend');
INSERT INTO Feature (featureId, featureName, `url`) VALUES (5,	'Update Attendance of Group','/instructor/updateattend');
INSERT INTO Feature (featureId, featureName, `url`) VALUES (6,	'Update Attendance of Group','/instructor/viewattend');
INSERT INTO Feature (featureId, featureName, `url`) VALUES (7,	'Report Attendance of Student','/student/reportattend');



INSERT INTO Role_Feature (roleId, featureId) VALUES (1,	1);
INSERT INTO Role_Feature (roleId, featureId) VALUES (1,	2);
INSERT INTO Role_Feature (roleId, featureId) VALUES (1,	3);
INSERT INTO Role_Feature (roleId, featureId) VALUES (1,	4);
INSERT INTO Role_Feature (roleId, featureId) VALUES (1,	5);
INSERT INTO Role_Feature (roleId, featureId) VALUES (1,	6);
INSERT INTO Role_Feature (roleId, featureId) VALUES (2,	1);
INSERT INTO Role_Feature (roleId, featureId) VALUES (2,	3);
INSERT INTO Role_Feature (roleId, featureId) VALUES (2,	4);
INSERT INTO Role_Feature (roleId, featureId) VALUES (2,	5);
INSERT INTO Role_Feature (roleId, featureId) VALUES (2,	6);
INSERT INTO Role_Feature (roleId, featureId) VALUES (3,	2);
INSERT INTO Role_Feature (roleId, featureId) VALUES (3,	7);





